select	SIMPLE<?,?,OUTGOING>	572544
select	SIMPLE<?,?,INCOMING>	1728330
select	FILTER<OrFilter<RelationshipPropertyFilter<status,?,EQUAL>,RelationshipPropertyFilter<status,?,EQUAL>>,SIMPLE<?,?,INCOMING>>	108229
select	FILTER<OrFilter<NodePropertyFilter<amebaId,?,EQUAL>,NodePropertyFilter<amebaId,?,EQUAL>,NodePropertyFilter<amebaId,?,EQUAL>,NodePropertyFilter<amebaId,?,EQUAL>>,SIMPLE<?,?,OUTGOING>>	15160
select	FILTER<OrFilter<NodePropertyFilter<amebaId,?,EQUAL>,NodePropertyFilter<amebaId,?,EQUAL>,NodePropertyFilter<amebaId,?,EQUAL>,NodePropertyFilter<amebaId,?,EQUAL>,NodePropertyFilter<amebaId,?,EQUAL>,NodePropertyFilter<amebaId,?,EQUAL>,NodePropertyFilter<amebaId,?,EQUAL>,NodePropertyFilter<amebaId,?,EQUAL>,NodePropertyFilter<amebaId,?,EQUAL>,NodePropertyFilter<amebaId,?,EQUAL>,NodePropertyFilter<amebaId,?,EQUAL>,NodePropertyFilter<amebaId,?,EQUAL>,NodePropertyFilter<amebaId,?,EQUAL>,NodePropertyFilter<amebaId,?,EQUAL>,NodePropertyFilter<amebaId,?,EQUAL>,NodePropertyFilter<amebaId,?,EQUAL>,NodePropertyFilter<amebaId,?,EQUAL>,NodePropertyFilter<amebaId,?,EQUAL>,NodePropertyFilter<amebaId,?,EQUAL>,NodePropertyFilter<amebaId,?,EQUAL>,NodePropertyFilter<amebaId,?,EQUAL>,NodePropertyFilter<amebaId,?,EQUAL>,NodePropertyFilter<amebaId,?,EQUAL>,NodePropertyFilter<amebaId,?,EQUAL>,NodePropertyFilter<amebaId,?,EQUAL>,NodePropertyFilter<amebaId,?,EQUAL>>,SIMPLE<?,?,OUTGOING>>	8048
select	FILTER<OrFilter<NodePropertyFilter<amebaId,?,EQUAL>,NodePropertyFilter<amebaId,?,EQUAL>,NodePropertyFilter<amebaId,?,EQUAL>,NodePropertyFilter<amebaId,?,EQUAL>,NodePropertyFilter<amebaId,?,EQUAL>,NodePropertyFilter<amebaId,?,EQUAL>,NodePropertyFilter<amebaId,?,EQUAL>,NodePropertyFilter<amebaId,?,EQUAL>,NodePropertyFilter<amebaId,?,EQUAL>,NodePropertyFilter<amebaId,?,EQUAL>,NodePropertyFilter<amebaId,?,EQUAL>,NodePropertyFilter<amebaId,?,EQUAL>,NodePropertyFilter<amebaId,?,EQUAL>,NodePropertyFilter<amebaId,?,EQUAL>,NodePropertyFilter<amebaId,?,EQUAL>,NodePropertyFilter<amebaId,?,EQUAL>,NodePropertyFilter<amebaId,?,EQUAL>,NodePropertyFilter<amebaId,?,EQUAL>,NodePropertyFilter<amebaId,?,EQUAL>,NodePropertyFilter<amebaId,?,EQUAL>,NodePropertyFilter<amebaId,?,EQUAL>,NodePropertyFilter<amebaId,?,EQUAL>,NodePropertyFilter<amebaId,?,EQUAL>,NodePropertyFilter<amebaId,?,EQUAL>,NodePropertyFilter<amebaId,?,EQUAL>,NodePropertyFilter<amebaId,?,EQUAL>,NodePropertyFilter<amebaId,?,EQUAL>,NodePropertyFilter<amebaId,?,EQUAL>,NodePropertyFilter<amebaId,?,EQUAL>>,SIMPLE<?,?,OUTGOING>>	6015
select	FILTER<OrFilter<NodePropertyFilter<amebaId,?,EQUAL>,NodePropertyFilter<amebaId,?,EQUAL>,NodePropertyFilter<amebaId,?,EQUAL>,NodePropertyFilter<amebaId,?,EQUAL>,NodePropertyFilter<amebaId,?,EQUAL>,NodePropertyFilter<amebaId,?,EQUAL>,NodePropertyFilter<amebaId,?,EQUAL>,NodePropertyFilter<amebaId,?,EQUAL>,NodePropertyFilter<amebaId,?,EQUAL>,NodePropertyFilter<amebaId,?,EQUAL>,NodePropertyFilter<amebaId,?,EQUAL>,NodePropertyFilter<amebaId,?,EQUAL>,NodePropertyFilter<amebaId,?,EQUAL>,NodePropertyFilter<amebaId,?,EQUAL>,NodePropertyFilter<amebaId,?,EQUAL>,NodePropertyFilter<amebaId,?,EQUAL>,NodePropertyFilter<amebaId,?,EQUAL>,NodePropertyFilter<amebaId,?,EQUAL>,NodePropertyFilter<amebaId,?,EQUAL>,NodePropertyFilter<amebaId,?,EQUAL>,NodePropertyFilter<amebaId,?,EQUAL>,NodePropertyFilter<amebaId,?,EQUAL>,NodePropertyFilter<amebaId,?,EQUAL>,NodePropertyFilter<amebaId,?,EQUAL>,NodePropertyFilter<amebaId,?,EQUAL>,NodePropertyFilter<amebaId,?,EQUAL>,NodePropertyFilter<amebaId,?,EQUAL>,NodePropertyFilter<amebaId,?,EQUAL>,NodePropertyFilter<amebaId,?,EQUAL>,NodePropertyFilter<amebaId,?,EQUAL>,NodePropertyFilter<amebaId,?,EQUAL>,NodePropertyFilter<amebaId,?,EQUAL>,NodePropertyFilter<amebaId,?,EQUAL>>,SIMPLE<?,?,OUTGOING>>	6515
select	FILTER<OrFilter<NodePropertyFilter<amebaId,?,EQUAL>,NodePropertyFilter<amebaId,?,EQUAL>,NodePropertyFilter<amebaId,?,EQUAL>,NodePropertyFilter<amebaId,?,EQUAL>,NodePropertyFilter<amebaId,?,EQUAL>,NodePropertyFilter<amebaId,?,EQUAL>,NodePropertyFilter<amebaId,?,EQUAL>,NodePropertyFilter<amebaId,?,EQUAL>,NodePropertyFilter<amebaId,?,EQUAL>,NodePropertyFilter<amebaId,?,EQUAL>,NodePropertyFilter<amebaId,?,EQUAL>,NodePropertyFilter<amebaId,?,EQUAL>,NodePropertyFilter<amebaId,?,EQUAL>,NodePropertyFilter<amebaId,?,EQUAL>,NodePropertyFilter<amebaId,?,EQUAL>,NodePropertyFilter<amebaId,?,EQUAL>,NodePropertyFilter<amebaId,?,EQUAL>,NodePropertyFilter<amebaId,?,EQUAL>,NodePropertyFilter<amebaId,?,EQUAL>,NodePropertyFilter<amebaId,?,EQUAL>,NodePropertyFilter<amebaId,?,EQUAL>,NodePropertyFilter<amebaId,?,EQUAL>,NodePropertyFilter<amebaId,?,EQUAL>,NodePropertyFilter<amebaId,?,EQUAL>,NodePropertyFilter<amebaId,?,EQUAL>,NodePropertyFilter<amebaId,?,EQUAL>,NodePropertyFilter<amebaId,?,EQUAL>,NodePropertyFilter<amebaId,?,EQUAL>,NodePropertyFilter<amebaId,?,EQUAL>,NodePropertyFilter<amebaId,?,EQUAL>,NodePropertyFilter<amebaId,?,EQUAL>,NodePropertyFilter<amebaId,?,EQUAL>,NodePropertyFilter<amebaId,?,EQUAL>,NodePropertyFilter<amebaId,?,EQUAL>>,SIMPLE<?,?,OUTGOING>>	7008
select	FILTER<OrFilter<NodePropertyFilter<amebaId,?,EQUAL>,NodePropertyFilter<amebaId,?,EQUAL>,NodePropertyFilter<amebaId,?,EQUAL>,NodePropertyFilter<amebaId,?,EQUAL>,NodePropertyFilter<amebaId,?,EQUAL>,NodePropertyFilter<amebaId,?,EQUAL>,NodePropertyFilter<amebaId,?,EQUAL>,NodePropertyFilter<amebaId,?,EQUAL>,NodePropertyFilter<amebaId,?,EQUAL>,NodePropertyFilter<amebaId,?,EQUAL>,NodePropertyFilter<amebaId,?,EQUAL>,NodePropertyFilter<amebaId,?,EQUAL>,NodePropertyFilter<amebaId,?,EQUAL>,NodePropertyFilter<amebaId,?,EQUAL>,NodePropertyFilter<amebaId,?,EQUAL>,NodePropertyFilter<amebaId,?,EQUAL>,NodePropertyFilter<amebaId,?,EQUAL>,NodePropertyFilter<amebaId,?,EQUAL>,NodePropertyFilter<amebaId,?,EQUAL>,NodePropertyFilter<amebaId,?,EQUAL>,NodePropertyFilter<amebaId,?,EQUAL>,NodePropertyFilter<amebaId,?,EQUAL>,NodePropertyFilter<amebaId,?,EQUAL>,NodePropertyFilter<amebaId,?,EQUAL>,NodePropertyFilter<amebaId,?,EQUAL>,NodePropertyFilter<amebaId,?,EQUAL>,NodePropertyFilter<amebaId,?,EQUAL>,NodePropertyFilter<amebaId,?,EQUAL>,NodePropertyFilter<amebaId,?,EQUAL>,NodePropertyFilter<amebaId,?,EQUAL>,NodePropertyFilter<amebaId,?,EQUAL>,NodePropertyFilter<amebaId,?,EQUAL>,NodePropertyFilter<amebaId,?,EQUAL>,NodePropertyFilter<amebaId,?,EQUAL>,NodePropertyFilter<amebaId,?,EQUAL>,NodePropertyFilter<amebaId,?,EQUAL>,NodePropertyFilter<amebaId,?,EQUAL>,NodePropertyFilter<amebaId,?,EQUAL>,NodePropertyFilter<amebaId,?,EQUAL>,NodePropertyFilter<amebaId,?,EQUAL>,NodePropertyFilter<amebaId,?,EQUAL>>,SIMPLE<?,?,OUTGOING>>	11508
select	FILTER<OrFilter<NodePropertyFilter<amebaId,?,EQUAL>,NodePropertyFilter<amebaId,?,EQUAL>,NodePropertyFilter<amebaId,?,EQUAL>,NodePropertyFilter<amebaId,?,EQUAL>,NodePropertyFilter<amebaId,?,EQUAL>,NodePropertyFilter<amebaId,?,EQUAL>,NodePropertyFilter<amebaId,?,EQUAL>,NodePropertyFilter<amebaId,?,EQUAL>,NodePropertyFilter<amebaId,?,EQUAL>,NodePropertyFilter<amebaId,?,EQUAL>,NodePropertyFilter<amebaId,?,EQUAL>,NodePropertyFilter<amebaId,?,EQUAL>,NodePropertyFilter<amebaId,?,EQUAL>,NodePropertyFilter<amebaId,?,EQUAL>,NodePropertyFilter<amebaId,?,EQUAL>,NodePropertyFilter<amebaId,?,EQUAL>,NodePropertyFilter<amebaId,?,EQUAL>,NodePropertyFilter<amebaId,?,EQUAL>,NodePropertyFilter<amebaId,?,EQUAL>,NodePropertyFilter<amebaId,?,EQUAL>,NodePropertyFilter<amebaId,?,EQUAL>,NodePropertyFilter<amebaId,?,EQUAL>,NodePropertyFilter<amebaId,?,EQUAL>,NodePropertyFilter<amebaId,?,EQUAL>,NodePropertyFilter<amebaId,?,EQUAL>,NodePropertyFilter<amebaId,?,EQUAL>,NodePropertyFilter<amebaId,?,EQUAL>,NodePropertyFilter<amebaId,?,EQUAL>,NodePropertyFilter<amebaId,?,EQUAL>,NodePropertyFilter<amebaId,?,EQUAL>,NodePropertyFilter<amebaId,?,EQUAL>,NodePropertyFilter<amebaId,?,EQUAL>,NodePropertyFilter<amebaId,?,EQUAL>,NodePropertyFilter<amebaId,?,EQUAL>,NodePropertyFilter<amebaId,?,EQUAL>,NodePropertyFilter<amebaId,?,EQUAL>,NodePropertyFilter<amebaId,?,EQUAL>,NodePropertyFilter<amebaId,?,EQUAL>,NodePropertyFilter<amebaId,?,EQUAL>,NodePropertyFilter<amebaId,?,EQUAL>,NodePropertyFilter<amebaId,?,EQUAL>,NodePropertyFilter<amebaId,?,EQUAL>,NodePropertyFilter<amebaId,?,EQUAL>,NodePropertyFilter<amebaId,?,EQUAL>>,SIMPLE<?,?,OUTGOING>>	12925
select	FILTER<OrFilter<NodePropertyFilter<amebaId,?,EQUAL>,NodePropertyFilter<amebaId,?,EQUAL>,NodePropertyFilter<amebaId,?,EQUAL>,NodePropertyFilter<amebaId,?,EQUAL>,NodePropertyFilter<amebaId,?,EQUAL>,NodePropertyFilter<amebaId,?,EQUAL>,NodePropertyFilter<amebaId,?,EQUAL>,NodePropertyFilter<amebaId,?,EQUAL>,NodePropertyFilter<amebaId,?,EQUAL>,NodePropertyFilter<amebaId,?,EQUAL>,NodePropertyFilter<amebaId,?,EQUAL>,NodePropertyFilter<amebaId,?,EQUAL>,NodePropertyFilter<amebaId,?,EQUAL>,NodePropertyFilter<amebaId,?,EQUAL>,NodePropertyFilter<amebaId,?,EQUAL>,NodePropertyFilter<amebaId,?,EQUAL>,NodePropertyFilter<amebaId,?,EQUAL>,NodePropertyFilter<amebaId,?,EQUAL>,NodePropertyFilter<amebaId,?,EQUAL>,NodePropertyFilter<amebaId,?,EQUAL>,NodePropertyFilter<amebaId,?,EQUAL>,NodePropertyFilter<amebaId,?,EQUAL>,NodePropertyFilter<amebaId,?,EQUAL>,NodePropertyFilter<amebaId,?,EQUAL>,NodePropertyFilter<amebaId,?,EQUAL>,NodePropertyFilter<amebaId,?,EQUAL>,NodePropertyFilter<amebaId,?,EQUAL>,NodePropertyFilter<amebaId,?,EQUAL>,NodePropertyFilter<amebaId,?,EQUAL>,NodePropertyFilter<amebaId,?,EQUAL>,NodePropertyFilter<amebaId,?,EQUAL>,NodePropertyFilter<amebaId,?,EQUAL>,NodePropertyFilter<amebaId,?,EQUAL>,NodePropertyFilter<amebaId,?,EQUAL>,NodePropertyFilter<amebaId,?,EQUAL>,NodePropertyFilter<amebaId,?,EQUAL>,NodePropertyFilter<amebaId,?,EQUAL>,NodePropertyFilter<amebaId,?,EQUAL>,NodePropertyFilter<amebaId,?,EQUAL>,NodePropertyFilter<amebaId,?,EQUAL>,NodePropertyFilter<amebaId,?,EQUAL>,NodePropertyFilter<amebaId,?,EQUAL>,NodePropertyFilter<amebaId,?,EQUAL>,NodePropertyFilter<amebaId,?,EQUAL>,NodePropertyFilter<amebaId,?,EQUAL>,NodePropertyFilter<amebaId,?,EQUAL>,NodePropertyFilter<amebaId,?,EQUAL>,NodePropertyFilter<amebaId,?,EQUAL>,NodePropertyFilter<amebaId,?,EQUAL>,NodePropertyFilter<amebaId,?,EQUAL>,NodePropertyFilter<amebaId,?,EQUAL>,NodePropertyFilter<amebaId,?,EQUAL>,NodePropertyFilter<amebaId,?,EQUAL>,NodePropertyFilter<amebaId,?,EQUAL>,NodePropertyFilter<amebaId,?,EQUAL>,NodePropertyFilter<amebaId,?,EQUAL>,NodePropertyFilter<amebaId,?,EQUAL>,NodePropertyFilter<amebaId,?,EQUAL>>,SIMPLE<?,?,OUTGOING>>	6815
select	FILTER<OrFilter<NodePropertyFilter<amebaId,?,EQUAL>,NodePropertyFilter<amebaId,?,EQUAL>,NodePropertyFilter<amebaId,?,EQUAL>,NodePropertyFilter<amebaId,?,EQUAL>,NodePropertyFilter<amebaId,?,EQUAL>,NodePropertyFilter<amebaId,?,EQUAL>,NodePropertyFilter<amebaId,?,EQUAL>>,SIMPLE<?,?,OUTGOING>>	15189
select	FILTER<RelationshipPropertyFilter<statusShow,?,EQUAL>,SIMPLE<?,?,OUTGOING>>	722518
select	FILTER<RelationshipPropertyFilter<status,?,EQUAL>,SIMPLE<?,?,INCOMING>>	4270269
select	FILTER<OrFilter<NodePropertyFilter<amebaId,?,EQUAL>,NodePropertyFilter<amebaId,?,EQUAL>,NodePropertyFilter<amebaId,?,EQUAL>,NodePropertyFilter<amebaId,?,EQUAL>,NodePropertyFilter<amebaId,?,EQUAL>,NodePropertyFilter<amebaId,?,EQUAL>>,SIMPLE<?,?,OUTGOING>>	13763
select	FILTER<OrFilter<NodePropertyFilter<amebaId,?,EQUAL>,NodePropertyFilter<amebaId,?,EQUAL>,NodePropertyFilter<amebaId,?,EQUAL>,NodePropertyFilter<amebaId,?,EQUAL>,NodePropertyFilter<amebaId,?,EQUAL>,NodePropertyFilter<amebaId,?,EQUAL>,NodePropertyFilter<amebaId,?,EQUAL>,NodePropertyFilter<amebaId,?,EQUAL>,NodePropertyFilter<amebaId,?,EQUAL>,NodePropertyFilter<amebaId,?,EQUAL>>,SIMPLE<?,?,OUTGOING>>	18872
select	FILTER<OrFilter<NodePropertyFilter<amebaId,?,EQUAL>,NodePropertyFilter<amebaId,?,EQUAL>,NodePropertyFilter<amebaId,?,EQUAL>,NodePropertyFilter<amebaId,?,EQUAL>,NodePropertyFilter<amebaId,?,EQUAL>,NodePropertyFilter<amebaId,?,EQUAL>,NodePropertyFilter<amebaId,?,EQUAL>,NodePropertyFilter<amebaId,?,EQUAL>,NodePropertyFilter<amebaId,?,EQUAL>,NodePropertyFilter<amebaId,?,EQUAL>,NodePropertyFilter<amebaId,?,EQUAL>,NodePropertyFilter<amebaId,?,EQUAL>,NodePropertyFilter<amebaId,?,EQUAL>,NodePropertyFilter<amebaId,?,EQUAL>>,SIMPLE<?,?,OUTGOING>>	22841
select	FILTER<OrFilter<NodePropertyFilter<amebaId,?,EQUAL>,NodePropertyFilter<amebaId,?,EQUAL>,NodePropertyFilter<amebaId,?,EQUAL>,NodePropertyFilter<amebaId,?,EQUAL>,NodePropertyFilter<amebaId,?,EQUAL>,NodePropertyFilter<amebaId,?,EQUAL>,NodePropertyFilter<amebaId,?,EQUAL>,NodePropertyFilter<amebaId,?,EQUAL>,NodePropertyFilter<amebaId,?,EQUAL>,NodePropertyFilter<amebaId,?,EQUAL>,NodePropertyFilter<amebaId,?,EQUAL>,NodePropertyFilter<amebaId,?,EQUAL>,NodePropertyFilter<amebaId,?,EQUAL>,NodePropertyFilter<amebaId,?,EQUAL>,NodePropertyFilter<amebaId,?,EQUAL>,NodePropertyFilter<amebaId,?,EQUAL>>,SIMPLE<?,?,OUTGOING>>	23227
select	FILTER<OrFilter<NodePropertyFilter<amebaId,?,EQUAL>,NodePropertyFilter<amebaId,?,EQUAL>,NodePropertyFilter<amebaId,?,EQUAL>,NodePropertyFilter<amebaId,?,EQUAL>,NodePropertyFilter<amebaId,?,EQUAL>,NodePropertyFilter<amebaId,?,EQUAL>,NodePropertyFilter<amebaId,?,EQUAL>,NodePropertyFilter<amebaId,?,EQUAL>,NodePropertyFilter<amebaId,?,EQUAL>,NodePropertyFilter<amebaId,?,EQUAL>,NodePropertyFilter<amebaId,?,EQUAL>,NodePropertyFilter<amebaId,?,EQUAL>,NodePropertyFilter<amebaId,?,EQUAL>,NodePropertyFilter<amebaId,?,EQUAL>,NodePropertyFilter<amebaId,?,EQUAL>,NodePropertyFilter<amebaId,?,EQUAL>,NodePropertyFilter<amebaId,?,EQUAL>>,SIMPLE<?,?,OUTGOING>>	22552
select	FILTER<OrFilter<NodePropertyFilter<amebaId,?,EQUAL>,NodePropertyFilter<amebaId,?,EQUAL>,NodePropertyFilter<amebaId,?,EQUAL>,NodePropertyFilter<amebaId,?,EQUAL>,NodePropertyFilter<amebaId,?,EQUAL>,NodePropertyFilter<amebaId,?,EQUAL>,NodePropertyFilter<amebaId,?,EQUAL>,NodePropertyFilter<amebaId,?,EQUAL>,NodePropertyFilter<amebaId,?,EQUAL>,NodePropertyFilter<amebaId,?,EQUAL>,NodePropertyFilter<amebaId,?,EQUAL>,NodePropertyFilter<amebaId,?,EQUAL>,NodePropertyFilter<amebaId,?,EQUAL>,NodePropertyFilter<amebaId,?,EQUAL>,NodePropertyFilter<amebaId,?,EQUAL>,NodePropertyFilter<amebaId,?,EQUAL>,NodePropertyFilter<amebaId,?,EQUAL>,NodePropertyFilter<amebaId,?,EQUAL>,NodePropertyFilter<amebaId,?,EQUAL>,NodePropertyFilter<amebaId,?,EQUAL>,NodePropertyFilter<amebaId,?,EQUAL>>,SIMPLE<?,?,OUTGOING>>	16469
select	FILTER<OrFilter<NodePropertyFilter<amebaId,?,EQUAL>,NodePropertyFilter<amebaId,?,EQUAL>,NodePropertyFilter<amebaId,?,EQUAL>,NodePropertyFilter<amebaId,?,EQUAL>,NodePropertyFilter<amebaId,?,EQUAL>,NodePropertyFilter<amebaId,?,EQUAL>,NodePropertyFilter<amebaId,?,EQUAL>,NodePropertyFilter<amebaId,?,EQUAL>,NodePropertyFilter<amebaId,?,EQUAL>,NodePropertyFilter<amebaId,?,EQUAL>,NodePropertyFilter<amebaId,?,EQUAL>,NodePropertyFilter<amebaId,?,EQUAL>,NodePropertyFilter<amebaId,?,EQUAL>,NodePropertyFilter<amebaId,?,EQUAL>,NodePropertyFilter<amebaId,?,EQUAL>,NodePropertyFilter<amebaId,?,EQUAL>,NodePropertyFilter<amebaId,?,EQUAL>,NodePropertyFilter<amebaId,?,EQUAL>,NodePropertyFilter<amebaId,?,EQUAL>,NodePropertyFilter<amebaId,?,EQUAL>,NodePropertyFilter<amebaId,?,EQUAL>,NodePropertyFilter<amebaId,?,EQUAL>,NodePropertyFilter<amebaId,?,EQUAL>,NodePropertyFilter<amebaId,?,EQUAL>,NodePropertyFilter<amebaId,?,EQUAL>,NodePropertyFilter<amebaId,?,EQUAL>,NodePropertyFilter<amebaId,?,EQUAL>,NodePropertyFilter<amebaId,?,EQUAL>,NodePropertyFilter<amebaId,?,EQUAL>,NodePropertyFilter<amebaId,?,EQUAL>,NodePropertyFilter<amebaId,?,EQUAL>,NodePropertyFilter<amebaId,?,EQUAL>>,SIMPLE<?,?,OUTGOING>>	5982
select	FILTER<OrFilter<NodePropertyFilter<amebaId,?,EQUAL>,NodePropertyFilter<amebaId,?,EQUAL>,NodePropertyFilter<amebaId,?,EQUAL>,NodePropertyFilter<amebaId,?,EQUAL>,NodePropertyFilter<amebaId,?,EQUAL>,NodePropertyFilter<amebaId,?,EQUAL>,NodePropertyFilter<amebaId,?,EQUAL>,NodePropertyFilter<amebaId,?,EQUAL>,NodePropertyFilter<amebaId,?,EQUAL>,NodePropertyFilter<amebaId,?,EQUAL>,NodePropertyFilter<amebaId,?,EQUAL>,NodePropertyFilter<amebaId,?,EQUAL>,NodePropertyFilter<amebaId,?,EQUAL>,NodePropertyFilter<amebaId,?,EQUAL>,NodePropertyFilter<amebaId,?,EQUAL>,NodePropertyFilter<amebaId,?,EQUAL>,NodePropertyFilter<amebaId,?,EQUAL>,NodePropertyFilter<amebaId,?,EQUAL>,NodePropertyFilter<amebaId,?,EQUAL>,NodePropertyFilter<amebaId,?,EQUAL>,NodePropertyFilter<amebaId,?,EQUAL>,NodePropertyFilter<amebaId,?,EQUAL>,NodePropertyFilter<amebaId,?,EQUAL>,NodePropertyFilter<amebaId,?,EQUAL>,NodePropertyFilter<amebaId,?,EQUAL>,NodePropertyFilter<amebaId,?,EQUAL>,NodePropertyFilter<amebaId,?,EQUAL>,NodePropertyFilter<amebaId,?,EQUAL>,NodePropertyFilter<amebaId,?,EQUAL>,NodePropertyFilter<amebaId,?,EQUAL>,NodePropertyFilter<amebaId,?,EQUAL>,NodePropertyFilter<amebaId,?,EQUAL>,NodePropertyFilter<amebaId,?,EQUAL>,NodePropertyFilter<amebaId,?,EQUAL>,NodePropertyFilter<amebaId,?,EQUAL>,NodePropertyFilter<amebaId,?,EQUAL>,NodePropertyFilter<amebaId,?,EQUAL>,NodePropertyFilter<amebaId,?,EQUAL>>,SIMPLE<?,?,OUTGOING>>	9021
select	FILTER<OrFilter<NodePropertyFilter<amebaId,?,EQUAL>,NodePropertyFilter<amebaId,?,EQUAL>,NodePropertyFilter<amebaId,?,EQUAL>,NodePropertyFilter<amebaId,?,EQUAL>,NodePropertyFilter<amebaId,?,EQUAL>,NodePropertyFilter<amebaId,?,EQUAL>,NodePropertyFilter<amebaId,?,EQUAL>,NodePropertyFilter<amebaId,?,EQUAL>,NodePropertyFilter<amebaId,?,EQUAL>,NodePropertyFilter<amebaId,?,EQUAL>,NodePropertyFilter<amebaId,?,EQUAL>,NodePropertyFilter<amebaId,?,EQUAL>,NodePropertyFilter<amebaId,?,EQUAL>,NodePropertyFilter<amebaId,?,EQUAL>,NodePropertyFilter<amebaId,?,EQUAL>,NodePropertyFilter<amebaId,?,EQUAL>,NodePropertyFilter<amebaId,?,EQUAL>,NodePropertyFilter<amebaId,?,EQUAL>,NodePropertyFilter<amebaId,?,EQUAL>,NodePropertyFilter<amebaId,?,EQUAL>,NodePropertyFilter<amebaId,?,EQUAL>,NodePropertyFilter<amebaId,?,EQUAL>,NodePropertyFilter<amebaId,?,EQUAL>,NodePropertyFilter<amebaId,?,EQUAL>,NodePropertyFilter<amebaId,?,EQUAL>,NodePropertyFilter<amebaId,?,EQUAL>,NodePropertyFilter<amebaId,?,EQUAL>,NodePropertyFilter<amebaId,?,EQUAL>,NodePropertyFilter<amebaId,?,EQUAL>,NodePropertyFilter<amebaId,?,EQUAL>,NodePropertyFilter<amebaId,?,EQUAL>,NodePropertyFilter<amebaId,?,EQUAL>,NodePropertyFilter<amebaId,?,EQUAL>,NodePropertyFilter<amebaId,?,EQUAL>,NodePropertyFilter<amebaId,?,EQUAL>,NodePropertyFilter<amebaId,?,EQUAL>,NodePropertyFilter<amebaId,?,EQUAL>,NodePropertyFilter<amebaId,?,EQUAL>,NodePropertyFilter<amebaId,?,EQUAL>>,SIMPLE<?,?,OUTGOING>>	10364
select	FILTER<OrFilter<NodePropertyFilter<amebaId,?,EQUAL>,NodePropertyFilter<amebaId,?,EQUAL>,NodePropertyFilter<amebaId,?,EQUAL>,NodePropertyFilter<amebaId,?,EQUAL>,NodePropertyFilter<amebaId,?,EQUAL>,NodePropertyFilter<amebaId,?,EQUAL>,NodePropertyFilter<amebaId,?,EQUAL>,NodePropertyFilter<amebaId,?,EQUAL>,NodePropertyFilter<amebaId,?,EQUAL>,NodePropertyFilter<amebaId,?,EQUAL>,NodePropertyFilter<amebaId,?,EQUAL>,NodePropertyFilter<amebaId,?,EQUAL>,NodePropertyFilter<amebaId,?,EQUAL>,NodePropertyFilter<amebaId,?,EQUAL>,NodePropertyFilter<amebaId,?,EQUAL>,NodePropertyFilter<amebaId,?,EQUAL>,NodePropertyFilter<amebaId,?,EQUAL>,NodePropertyFilter<amebaId,?,EQUAL>,NodePropertyFilter<amebaId,?,EQUAL>,NodePropertyFilter<amebaId,?,EQUAL>,NodePropertyFilter<amebaId,?,EQUAL>,NodePropertyFilter<amebaId,?,EQUAL>,NodePropertyFilter<amebaId,?,EQUAL>,NodePropertyFilter<amebaId,?,EQUAL>,NodePropertyFilter<amebaId,?,EQUAL>,NodePropertyFilter<amebaId,?,EQUAL>,NodePropertyFilter<amebaId,?,EQUAL>,NodePropertyFilter<amebaId,?,EQUAL>,NodePropertyFilter<amebaId,?,EQUAL>,NodePropertyFilter<amebaId,?,EQUAL>,NodePropertyFilter<amebaId,?,EQUAL>,NodePropertyFilter<amebaId,?,EQUAL>,NodePropertyFilter<amebaId,?,EQUAL>,NodePropertyFilter<amebaId,?,EQUAL>,NodePropertyFilter<amebaId,?,EQUAL>,NodePropertyFilter<amebaId,?,EQUAL>,NodePropertyFilter<amebaId,?,EQUAL>,NodePropertyFilter<amebaId,?,EQUAL>,NodePropertyFilter<amebaId,?,EQUAL>,NodePropertyFilter<amebaId,?,EQUAL>,NodePropertyFilter<amebaId,?,EQUAL>,NodePropertyFilter<amebaId,?,EQUAL>,NodePropertyFilter<amebaId,?,EQUAL>>,SIMPLE<?,?,OUTGOING>>	12321
select	FILTER<OrFilter<NodePropertyFilter<amebaId,?,EQUAL>,NodePropertyFilter<amebaId,?,EQUAL>,NodePropertyFilter<amebaId,?,EQUAL>,NodePropertyFilter<amebaId,?,EQUAL>,NodePropertyFilter<amebaId,?,EQUAL>,NodePropertyFilter<amebaId,?,EQUAL>,NodePropertyFilter<amebaId,?,EQUAL>,NodePropertyFilter<amebaId,?,EQUAL>,NodePropertyFilter<amebaId,?,EQUAL>,NodePropertyFilter<amebaId,?,EQUAL>,NodePropertyFilter<amebaId,?,EQUAL>,NodePropertyFilter<amebaId,?,EQUAL>,NodePropertyFilter<amebaId,?,EQUAL>,NodePropertyFilter<amebaId,?,EQUAL>,NodePropertyFilter<amebaId,?,EQUAL>,NodePropertyFilter<amebaId,?,EQUAL>,NodePropertyFilter<amebaId,?,EQUAL>,NodePropertyFilter<amebaId,?,EQUAL>,NodePropertyFilter<amebaId,?,EQUAL>,NodePropertyFilter<amebaId,?,EQUAL>,NodePropertyFilter<amebaId,?,EQUAL>,NodePropertyFilter<amebaId,?,EQUAL>,NodePropertyFilter<amebaId,?,EQUAL>,NodePropertyFilter<amebaId,?,EQUAL>,NodePropertyFilter<amebaId,?,EQUAL>,NodePropertyFilter<amebaId,?,EQUAL>,NodePropertyFilter<amebaId,?,EQUAL>,NodePropertyFilter<amebaId,?,EQUAL>,NodePropertyFilter<amebaId,?,EQUAL>,NodePropertyFilter<amebaId,?,EQUAL>,NodePropertyFilter<amebaId,?,EQUAL>,NodePropertyFilter<amebaId,?,EQUAL>,NodePropertyFilter<amebaId,?,EQUAL>,NodePropertyFilter<amebaId,?,EQUAL>,NodePropertyFilter<amebaId,?,EQUAL>,NodePropertyFilter<amebaId,?,EQUAL>,NodePropertyFilter<amebaId,?,EQUAL>,NodePropertyFilter<amebaId,?,EQUAL>,NodePropertyFilter<amebaId,?,EQUAL>,NodePropertyFilter<amebaId,?,EQUAL>,NodePropertyFilter<amebaId,?,EQUAL>,NodePropertyFilter<amebaId,?,EQUAL>,NodePropertyFilter<amebaId,?,EQUAL>,NodePropertyFilter<amebaId,?,EQUAL>,NodePropertyFilter<amebaId,?,EQUAL>,NodePropertyFilter<amebaId,?,EQUAL>,NodePropertyFilter<amebaId,?,EQUAL>>,SIMPLE<?,?,OUTGOING>>	14167
select	FILTER<OrFilter<NodePropertyFilter<amebaId,?,EQUAL>,NodePropertyFilter<amebaId,?,EQUAL>,NodePropertyFilter<amebaId,?,EQUAL>,NodePropertyFilter<amebaId,?,EQUAL>,NodePropertyFilter<amebaId,?,EQUAL>,NodePropertyFilter<amebaId,?,EQUAL>,NodePropertyFilter<amebaId,?,EQUAL>,NodePropertyFilter<amebaId,?,EQUAL>,NodePropertyFilter<amebaId,?,EQUAL>,NodePropertyFilter<amebaId,?,EQUAL>,NodePropertyFilter<amebaId,?,EQUAL>,NodePropertyFilter<amebaId,?,EQUAL>,NodePropertyFilter<amebaId,?,EQUAL>,NodePropertyFilter<amebaId,?,EQUAL>,NodePropertyFilter<amebaId,?,EQUAL>,NodePropertyFilter<amebaId,?,EQUAL>,NodePropertyFilter<amebaId,?,EQUAL>,NodePropertyFilter<amebaId,?,EQUAL>,NodePropertyFilter<amebaId,?,EQUAL>,NodePropertyFilter<amebaId,?,EQUAL>,NodePropertyFilter<amebaId,?,EQUAL>,NodePropertyFilter<amebaId,?,EQUAL>,NodePropertyFilter<amebaId,?,EQUAL>,NodePropertyFilter<amebaId,?,EQUAL>,NodePropertyFilter<amebaId,?,EQUAL>,NodePropertyFilter<amebaId,?,EQUAL>,NodePropertyFilter<amebaId,?,EQUAL>,NodePropertyFilter<amebaId,?,EQUAL>,NodePropertyFilter<amebaId,?,EQUAL>,NodePropertyFilter<amebaId,?,EQUAL>,NodePropertyFilter<amebaId,?,EQUAL>,NodePropertyFilter<amebaId,?,EQUAL>,NodePropertyFilter<amebaId,?,EQUAL>,NodePropertyFilter<amebaId,?,EQUAL>,NodePropertyFilter<amebaId,?,EQUAL>,NodePropertyFilter<amebaId,?,EQUAL>,NodePropertyFilter<amebaId,?,EQUAL>,NodePropertyFilter<amebaId,?,EQUAL>,NodePropertyFilter<amebaId,?,EQUAL>,NodePropertyFilter<amebaId,?,EQUAL>,NodePropertyFilter<amebaId,?,EQUAL>,NodePropertyFilter<amebaId,?,EQUAL>,NodePropertyFilter<amebaId,?,EQUAL>,NodePropertyFilter<amebaId,?,EQUAL>,NodePropertyFilter<amebaId,?,EQUAL>,NodePropertyFilter<amebaId,?,EQUAL>,NodePropertyFilter<amebaId,?,EQUAL>,NodePropertyFilter<amebaId,?,EQUAL>,NodePropertyFilter<amebaId,?,EQUAL>,NodePropertyFilter<amebaId,?,EQUAL>,NodePropertyFilter<amebaId,?,EQUAL>,NodePropertyFilter<amebaId,?,EQUAL>,NodePropertyFilter<amebaId,?,EQUAL>,NodePropertyFilter<amebaId,?,EQUAL>>,SIMPLE<?,?,OUTGOING>>	11915
select	FILTER<OrFilter<NodePropertyFilter<amebaId,?,EQUAL>,NodePropertyFilter<amebaId,?,EQUAL>,NodePropertyFilter<amebaId,?,EQUAL>,NodePropertyFilter<amebaId,?,EQUAL>,NodePropertyFilter<amebaId,?,EQUAL>,NodePropertyFilter<amebaId,?,EQUAL>,NodePropertyFilter<amebaId,?,EQUAL>,NodePropertyFilter<amebaId,?,EQUAL>,NodePropertyFilter<amebaId,?,EQUAL>,NodePropertyFilter<amebaId,?,EQUAL>,NodePropertyFilter<amebaId,?,EQUAL>,NodePropertyFilter<amebaId,?,EQUAL>,NodePropertyFilter<amebaId,?,EQUAL>,NodePropertyFilter<amebaId,?,EQUAL>,NodePropertyFilter<amebaId,?,EQUAL>,NodePropertyFilter<amebaId,?,EQUAL>,NodePropertyFilter<amebaId,?,EQUAL>,NodePropertyFilter<amebaId,?,EQUAL>,NodePropertyFilter<amebaId,?,EQUAL>,NodePropertyFilter<amebaId,?,EQUAL>,NodePropertyFilter<amebaId,?,EQUAL>,NodePropertyFilter<amebaId,?,EQUAL>,NodePropertyFilter<amebaId,?,EQUAL>,NodePropertyFilter<amebaId,?,EQUAL>,NodePropertyFilter<amebaId,?,EQUAL>,NodePropertyFilter<amebaId,?,EQUAL>,NodePropertyFilter<amebaId,?,EQUAL>,NodePropertyFilter<amebaId,?,EQUAL>,NodePropertyFilter<amebaId,?,EQUAL>,NodePropertyFilter<amebaId,?,EQUAL>,NodePropertyFilter<amebaId,?,EQUAL>,NodePropertyFilter<amebaId,?,EQUAL>,NodePropertyFilter<amebaId,?,EQUAL>,NodePropertyFilter<amebaId,?,EQUAL>,NodePropertyFilter<amebaId,?,EQUAL>,NodePropertyFilter<amebaId,?,EQUAL>,NodePropertyFilter<amebaId,?,EQUAL>,NodePropertyFilter<amebaId,?,EQUAL>,NodePropertyFilter<amebaId,?,EQUAL>,NodePropertyFilter<amebaId,?,EQUAL>,NodePropertyFilter<amebaId,?,EQUAL>,NodePropertyFilter<amebaId,?,EQUAL>,NodePropertyFilter<amebaId,?,EQUAL>,NodePropertyFilter<amebaId,?,EQUAL>,NodePropertyFilter<amebaId,?,EQUAL>,NodePropertyFilter<amebaId,?,EQUAL>,NodePropertyFilter<amebaId,?,EQUAL>,NodePropertyFilter<amebaId,?,EQUAL>,NodePropertyFilter<amebaId,?,EQUAL>,NodePropertyFilter<amebaId,?,EQUAL>,NodePropertyFilter<amebaId,?,EQUAL>,NodePropertyFilter<amebaId,?,EQUAL>,NodePropertyFilter<amebaId,?,EQUAL>,NodePropertyFilter<amebaId,?,EQUAL>,NodePropertyFilter<amebaId,?,EQUAL>,NodePropertyFilter<amebaId,?,EQUAL>,NodePropertyFilter<amebaId,?,EQUAL>,NodePropertyFilter<amebaId,?,EQUAL>,NodePropertyFilter<amebaId,?,EQUAL>,NodePropertyFilter<amebaId,?,EQUAL>,NodePropertyFilter<amebaId,?,EQUAL>,NodePropertyFilter<amebaId,?,EQUAL>,NodePropertyFilter<amebaId,?,EQUAL>,NodePropertyFilter<amebaId,?,EQUAL>>,SIMPLE<?,?,OUTGOING>>	567
select	FILTER<OrFilter<NodePropertyFilter<amebaId,?,EQUAL>,NodePropertyFilter<amebaId,?,EQUAL>,NodePropertyFilter<amebaId,?,EQUAL>,NodePropertyFilter<amebaId,?,EQUAL>,NodePropertyFilter<amebaId,?,EQUAL>>,SIMPLE<?,?,OUTGOING>>	12882
select	FILTER<OrFilter<NodePropertyFilter<amebaId,?,EQUAL>,NodePropertyFilter<amebaId,?,EQUAL>,NodePropertyFilter<amebaId,?,EQUAL>,NodePropertyFilter<amebaId,?,EQUAL>,NodePropertyFilter<amebaId,?,EQUAL>,NodePropertyFilter<amebaId,?,EQUAL>,NodePropertyFilter<amebaId,?,EQUAL>,NodePropertyFilter<amebaId,?,EQUAL>,NodePropertyFilter<amebaId,?,EQUAL>,NodePropertyFilter<amebaId,?,EQUAL>,NodePropertyFilter<amebaId,?,EQUAL>,NodePropertyFilter<amebaId,?,EQUAL>,NodePropertyFilter<amebaId,?,EQUAL>,NodePropertyFilter<amebaId,?,EQUAL>,NodePropertyFilter<amebaId,?,EQUAL>>,SIMPLE<?,?,OUTGOING>>	23000
select	FILTER<OrFilter<NodePropertyFilter<amebaId,?,EQUAL>,NodePropertyFilter<amebaId,?,EQUAL>,NodePropertyFilter<amebaId,?,EQUAL>,NodePropertyFilter<amebaId,?,EQUAL>,NodePropertyFilter<amebaId,?,EQUAL>,NodePropertyFilter<amebaId,?,EQUAL>,NodePropertyFilter<amebaId,?,EQUAL>,NodePropertyFilter<amebaId,?,EQUAL>,NodePropertyFilter<amebaId,?,EQUAL>,NodePropertyFilter<amebaId,?,EQUAL>,NodePropertyFilter<amebaId,?,EQUAL>,NodePropertyFilter<amebaId,?,EQUAL>,NodePropertyFilter<amebaId,?,EQUAL>,NodePropertyFilter<amebaId,?,EQUAL>,NodePropertyFilter<amebaId,?,EQUAL>,NodePropertyFilter<amebaId,?,EQUAL>,NodePropertyFilter<amebaId,?,EQUAL>,NodePropertyFilter<amebaId,?,EQUAL>>,SIMPLE<?,?,OUTGOING>>	21424
select	FILTER<OrFilter<NodePropertyFilter<amebaId,?,EQUAL>,NodePropertyFilter<amebaId,?,EQUAL>,NodePropertyFilter<amebaId,?,EQUAL>,NodePropertyFilter<amebaId,?,EQUAL>,NodePropertyFilter<amebaId,?,EQUAL>,NodePropertyFilter<amebaId,?,EQUAL>,NodePropertyFilter<amebaId,?,EQUAL>,NodePropertyFilter<amebaId,?,EQUAL>,NodePropertyFilter<amebaId,?,EQUAL>,NodePropertyFilter<amebaId,?,EQUAL>,NodePropertyFilter<amebaId,?,EQUAL>,NodePropertyFilter<amebaId,?,EQUAL>,NodePropertyFilter<amebaId,?,EQUAL>,NodePropertyFilter<amebaId,?,EQUAL>,NodePropertyFilter<amebaId,?,EQUAL>,NodePropertyFilter<amebaId,?,EQUAL>,NodePropertyFilter<amebaId,?,EQUAL>,NodePropertyFilter<amebaId,?,EQUAL>,NodePropertyFilter<amebaId,?,EQUAL>>,SIMPLE<?,?,OUTGOING>>	19747
select	FILTER<OrFilter<NodePropertyFilter<amebaId,?,EQUAL>,NodePropertyFilter<amebaId,?,EQUAL>,NodePropertyFilter<amebaId,?,EQUAL>,NodePropertyFilter<amebaId,?,EQUAL>,NodePropertyFilter<amebaId,?,EQUAL>,NodePropertyFilter<amebaId,?,EQUAL>,NodePropertyFilter<amebaId,?,EQUAL>,NodePropertyFilter<amebaId,?,EQUAL>,NodePropertyFilter<amebaId,?,EQUAL>,NodePropertyFilter<amebaId,?,EQUAL>,NodePropertyFilter<amebaId,?,EQUAL>,NodePropertyFilter<amebaId,?,EQUAL>,NodePropertyFilter<amebaId,?,EQUAL>,NodePropertyFilter<amebaId,?,EQUAL>,NodePropertyFilter<amebaId,?,EQUAL>,NodePropertyFilter<amebaId,?,EQUAL>,NodePropertyFilter<amebaId,?,EQUAL>,NodePropertyFilter<amebaId,?,EQUAL>,NodePropertyFilter<amebaId,?,EQUAL>,NodePropertyFilter<amebaId,?,EQUAL>>,SIMPLE<?,?,OUTGOING>>	18220
select	FILTER<OrFilter<NodePropertyFilter<amebaId,?,EQUAL>,NodePropertyFilter<amebaId,?,EQUAL>,NodePropertyFilter<amebaId,?,EQUAL>,NodePropertyFilter<amebaId,?,EQUAL>,NodePropertyFilter<amebaId,?,EQUAL>,NodePropertyFilter<amebaId,?,EQUAL>,NodePropertyFilter<amebaId,?,EQUAL>,NodePropertyFilter<amebaId,?,EQUAL>,NodePropertyFilter<amebaId,?,EQUAL>,NodePropertyFilter<amebaId,?,EQUAL>,NodePropertyFilter<amebaId,?,EQUAL>,NodePropertyFilter<amebaId,?,EQUAL>,NodePropertyFilter<amebaId,?,EQUAL>,NodePropertyFilter<amebaId,?,EQUAL>,NodePropertyFilter<amebaId,?,EQUAL>,NodePropertyFilter<amebaId,?,EQUAL>,NodePropertyFilter<amebaId,?,EQUAL>,NodePropertyFilter<amebaId,?,EQUAL>,NodePropertyFilter<amebaId,?,EQUAL>,NodePropertyFilter<amebaId,?,EQUAL>,NodePropertyFilter<amebaId,?,EQUAL>,NodePropertyFilter<amebaId,?,EQUAL>>,SIMPLE<?,?,OUTGOING>>	14359
select	FILTER<OrFilter<NodePropertyFilter<amebaId,?,EQUAL>,NodePropertyFilter<amebaId,?,EQUAL>,NodePropertyFilter<amebaId,?,EQUAL>,NodePropertyFilter<amebaId,?,EQUAL>,NodePropertyFilter<amebaId,?,EQUAL>,NodePropertyFilter<amebaId,?,EQUAL>,NodePropertyFilter<amebaId,?,EQUAL>,NodePropertyFilter<amebaId,?,EQUAL>,NodePropertyFilter<amebaId,?,EQUAL>,NodePropertyFilter<amebaId,?,EQUAL>,NodePropertyFilter<amebaId,?,EQUAL>,NodePropertyFilter<amebaId,?,EQUAL>,NodePropertyFilter<amebaId,?,EQUAL>,NodePropertyFilter<amebaId,?,EQUAL>,NodePropertyFilter<amebaId,?,EQUAL>,NodePropertyFilter<amebaId,?,EQUAL>,NodePropertyFilter<amebaId,?,EQUAL>,NodePropertyFilter<amebaId,?,EQUAL>,NodePropertyFilter<amebaId,?,EQUAL>,NodePropertyFilter<amebaId,?,EQUAL>,NodePropertyFilter<amebaId,?,EQUAL>,NodePropertyFilter<amebaId,?,EQUAL>,NodePropertyFilter<amebaId,?,EQUAL>,NodePropertyFilter<amebaId,?,EQUAL>,NodePropertyFilter<amebaId,?,EQUAL>>,SIMPLE<?,?,OUTGOING>>	9023
select	FILTER<OrFilter<NodePropertyFilter<amebaId,?,EQUAL>,NodePropertyFilter<amebaId,?,EQUAL>,NodePropertyFilter<amebaId,?,EQUAL>,NodePropertyFilter<amebaId,?,EQUAL>,NodePropertyFilter<amebaId,?,EQUAL>,NodePropertyFilter<amebaId,?,EQUAL>,NodePropertyFilter<amebaId,?,EQUAL>,NodePropertyFilter<amebaId,?,EQUAL>,NodePropertyFilter<amebaId,?,EQUAL>,NodePropertyFilter<amebaId,?,EQUAL>,NodePropertyFilter<amebaId,?,EQUAL>,NodePropertyFilter<amebaId,?,EQUAL>,NodePropertyFilter<amebaId,?,EQUAL>,NodePropertyFilter<amebaId,?,EQUAL>,NodePropertyFilter<amebaId,?,EQUAL>,NodePropertyFilter<amebaId,?,EQUAL>,NodePropertyFilter<amebaId,?,EQUAL>,NodePropertyFilter<amebaId,?,EQUAL>,NodePropertyFilter<amebaId,?,EQUAL>,NodePropertyFilter<amebaId,?,EQUAL>,NodePropertyFilter<amebaId,?,EQUAL>,NodePropertyFilter<amebaId,?,EQUAL>,NodePropertyFilter<amebaId,?,EQUAL>,NodePropertyFilter<amebaId,?,EQUAL>,NodePropertyFilter<amebaId,?,EQUAL>,NodePropertyFilter<amebaId,?,EQUAL>,NodePropertyFilter<amebaId,?,EQUAL>>,SIMPLE<?,?,OUTGOING>>	7178
select	FILTER<OrFilter<NodePropertyFilter<amebaId,?,EQUAL>,NodePropertyFilter<amebaId,?,EQUAL>,NodePropertyFilter<amebaId,?,EQUAL>,NodePropertyFilter<amebaId,?,EQUAL>,NodePropertyFilter<amebaId,?,EQUAL>,NodePropertyFilter<amebaId,?,EQUAL>,NodePropertyFilter<amebaId,?,EQUAL>,NodePropertyFilter<amebaId,?,EQUAL>,NodePropertyFilter<amebaId,?,EQUAL>,NodePropertyFilter<amebaId,?,EQUAL>,NodePropertyFilter<amebaId,?,EQUAL>,NodePropertyFilter<amebaId,?,EQUAL>,NodePropertyFilter<amebaId,?,EQUAL>,NodePropertyFilter<amebaId,?,EQUAL>,NodePropertyFilter<amebaId,?,EQUAL>,NodePropertyFilter<amebaId,?,EQUAL>,NodePropertyFilter<amebaId,?,EQUAL>,NodePropertyFilter<amebaId,?,EQUAL>,NodePropertyFilter<amebaId,?,EQUAL>,NodePropertyFilter<amebaId,?,EQUAL>,NodePropertyFilter<amebaId,?,EQUAL>,NodePropertyFilter<amebaId,?,EQUAL>,NodePropertyFilter<amebaId,?,EQUAL>,NodePropertyFilter<amebaId,?,EQUAL>,NodePropertyFilter<amebaId,?,EQUAL>,NodePropertyFilter<amebaId,?,EQUAL>,NodePropertyFilter<amebaId,?,EQUAL>,NodePropertyFilter<amebaId,?,EQUAL>,NodePropertyFilter<amebaId,?,EQUAL>,NodePropertyFilter<amebaId,?,EQUAL>,NodePropertyFilter<amebaId,?,EQUAL>,NodePropertyFilter<amebaId,?,EQUAL>,NodePropertyFilter<amebaId,?,EQUAL>,NodePropertyFilter<amebaId,?,EQUAL>,NodePropertyFilter<amebaId,?,EQUAL>,NodePropertyFilter<amebaId,?,EQUAL>,NodePropertyFilter<amebaId,?,EQUAL>,NodePropertyFilter<amebaId,?,EQUAL>,NodePropertyFilter<amebaId,?,EQUAL>,NodePropertyFilter<amebaId,?,EQUAL>,NodePropertyFilter<amebaId,?,EQUAL>,NodePropertyFilter<amebaId,?,EQUAL>>,SIMPLE<?,?,OUTGOING>>	11956
select	FILTER<OrFilter<NodePropertyFilter<amebaId,?,EQUAL>,NodePropertyFilter<amebaId,?,EQUAL>,NodePropertyFilter<amebaId,?,EQUAL>,NodePropertyFilter<amebaId,?,EQUAL>,NodePropertyFilter<amebaId,?,EQUAL>,NodePropertyFilter<amebaId,?,EQUAL>,NodePropertyFilter<amebaId,?,EQUAL>,NodePropertyFilter<amebaId,?,EQUAL>,NodePropertyFilter<amebaId,?,EQUAL>,NodePropertyFilter<amebaId,?,EQUAL>,NodePropertyFilter<amebaId,?,EQUAL>,NodePropertyFilter<amebaId,?,EQUAL>,NodePropertyFilter<amebaId,?,EQUAL>,NodePropertyFilter<amebaId,?,EQUAL>,NodePropertyFilter<amebaId,?,EQUAL>,NodePropertyFilter<amebaId,?,EQUAL>,NodePropertyFilter<amebaId,?,EQUAL>,NodePropertyFilter<amebaId,?,EQUAL>,NodePropertyFilter<amebaId,?,EQUAL>,NodePropertyFilter<amebaId,?,EQUAL>,NodePropertyFilter<amebaId,?,EQUAL>,NodePropertyFilter<amebaId,?,EQUAL>,NodePropertyFilter<amebaId,?,EQUAL>,NodePropertyFilter<amebaId,?,EQUAL>,NodePropertyFilter<amebaId,?,EQUAL>,NodePropertyFilter<amebaId,?,EQUAL>,NodePropertyFilter<amebaId,?,EQUAL>,NodePropertyFilter<amebaId,?,EQUAL>,NodePropertyFilter<amebaId,?,EQUAL>,NodePropertyFilter<amebaId,?,EQUAL>,NodePropertyFilter<amebaId,?,EQUAL>,NodePropertyFilter<amebaId,?,EQUAL>,NodePropertyFilter<amebaId,?,EQUAL>,NodePropertyFilter<amebaId,?,EQUAL>,NodePropertyFilter<amebaId,?,EQUAL>,NodePropertyFilter<amebaId,?,EQUAL>,NodePropertyFilter<amebaId,?,EQUAL>,NodePropertyFilter<amebaId,?,EQUAL>,NodePropertyFilter<amebaId,?,EQUAL>,NodePropertyFilter<amebaId,?,EQUAL>,NodePropertyFilter<amebaId,?,EQUAL>,NodePropertyFilter<amebaId,?,EQUAL>,NodePropertyFilter<amebaId,?,EQUAL>,NodePropertyFilter<amebaId,?,EQUAL>,NodePropertyFilter<amebaId,?,EQUAL>>,SIMPLE<?,?,OUTGOING>>	13719
select	FILTER<OrFilter<NodePropertyFilter<amebaId,?,EQUAL>,NodePropertyFilter<amebaId,?,EQUAL>,NodePropertyFilter<amebaId,?,EQUAL>,NodePropertyFilter<amebaId,?,EQUAL>,NodePropertyFilter<amebaId,?,EQUAL>,NodePropertyFilter<amebaId,?,EQUAL>,NodePropertyFilter<amebaId,?,EQUAL>,NodePropertyFilter<amebaId,?,EQUAL>,NodePropertyFilter<amebaId,?,EQUAL>,NodePropertyFilter<amebaId,?,EQUAL>,NodePropertyFilter<amebaId,?,EQUAL>,NodePropertyFilter<amebaId,?,EQUAL>,NodePropertyFilter<amebaId,?,EQUAL>,NodePropertyFilter<amebaId,?,EQUAL>,NodePropertyFilter<amebaId,?,EQUAL>,NodePropertyFilter<amebaId,?,EQUAL>,NodePropertyFilter<amebaId,?,EQUAL>,NodePropertyFilter<amebaId,?,EQUAL>,NodePropertyFilter<amebaId,?,EQUAL>,NodePropertyFilter<amebaId,?,EQUAL>,NodePropertyFilter<amebaId,?,EQUAL>,NodePropertyFilter<amebaId,?,EQUAL>,NodePropertyFilter<amebaId,?,EQUAL>,NodePropertyFilter<amebaId,?,EQUAL>,NodePropertyFilter<amebaId,?,EQUAL>,NodePropertyFilter<amebaId,?,EQUAL>,NodePropertyFilter<amebaId,?,EQUAL>,NodePropertyFilter<amebaId,?,EQUAL>,NodePropertyFilter<amebaId,?,EQUAL>,NodePropertyFilter<amebaId,?,EQUAL>,NodePropertyFilter<amebaId,?,EQUAL>,NodePropertyFilter<amebaId,?,EQUAL>,NodePropertyFilter<amebaId,?,EQUAL>,NodePropertyFilter<amebaId,?,EQUAL>,NodePropertyFilter<amebaId,?,EQUAL>,NodePropertyFilter<amebaId,?,EQUAL>,NodePropertyFilter<amebaId,?,EQUAL>,NodePropertyFilter<amebaId,?,EQUAL>,NodePropertyFilter<amebaId,?,EQUAL>,NodePropertyFilter<amebaId,?,EQUAL>,NodePropertyFilter<amebaId,?,EQUAL>,NodePropertyFilter<amebaId,?,EQUAL>,NodePropertyFilter<amebaId,?,EQUAL>,NodePropertyFilter<amebaId,?,EQUAL>,NodePropertyFilter<amebaId,?,EQUAL>,NodePropertyFilter<amebaId,?,EQUAL>,NodePropertyFilter<amebaId,?,EQUAL>,NodePropertyFilter<amebaId,?,EQUAL>,NodePropertyFilter<amebaId,?,EQUAL>,NodePropertyFilter<amebaId,?,EQUAL>,NodePropertyFilter<amebaId,?,EQUAL>,NodePropertyFilter<amebaId,?,EQUAL>,NodePropertyFilter<amebaId,?,EQUAL>,NodePropertyFilter<amebaId,?,EQUAL>,NodePropertyFilter<amebaId,?,EQUAL>,NodePropertyFilter<amebaId,?,EQUAL>>,SIMPLE<?,?,OUTGOING>>	9751
select	FILTER<OrFilter<NodePropertyFilter<amebaId,?,EQUAL>,NodePropertyFilter<amebaId,?,EQUAL>,NodePropertyFilter<amebaId,?,EQUAL>,NodePropertyFilter<amebaId,?,EQUAL>,NodePropertyFilter<amebaId,?,EQUAL>,NodePropertyFilter<amebaId,?,EQUAL>,NodePropertyFilter<amebaId,?,EQUAL>,NodePropertyFilter<amebaId,?,EQUAL>,NodePropertyFilter<amebaId,?,EQUAL>,NodePropertyFilter<amebaId,?,EQUAL>,NodePropertyFilter<amebaId,?,EQUAL>,NodePropertyFilter<amebaId,?,EQUAL>,NodePropertyFilter<amebaId,?,EQUAL>,NodePropertyFilter<amebaId,?,EQUAL>,NodePropertyFilter<amebaId,?,EQUAL>,NodePropertyFilter<amebaId,?,EQUAL>,NodePropertyFilter<amebaId,?,EQUAL>,NodePropertyFilter<amebaId,?,EQUAL>,NodePropertyFilter<amebaId,?,EQUAL>,NodePropertyFilter<amebaId,?,EQUAL>,NodePropertyFilter<amebaId,?,EQUAL>,NodePropertyFilter<amebaId,?,EQUAL>,NodePropertyFilter<amebaId,?,EQUAL>,NodePropertyFilter<amebaId,?,EQUAL>,NodePropertyFilter<amebaId,?,EQUAL>,NodePropertyFilter<amebaId,?,EQUAL>,NodePropertyFilter<amebaId,?,EQUAL>,NodePropertyFilter<amebaId,?,EQUAL>,NodePropertyFilter<amebaId,?,EQUAL>,NodePropertyFilter<amebaId,?,EQUAL>,NodePropertyFilter<amebaId,?,EQUAL>,NodePropertyFilter<amebaId,?,EQUAL>,NodePropertyFilter<amebaId,?,EQUAL>,NodePropertyFilter<amebaId,?,EQUAL>,NodePropertyFilter<amebaId,?,EQUAL>,NodePropertyFilter<amebaId,?,EQUAL>,NodePropertyFilter<amebaId,?,EQUAL>,NodePropertyFilter<amebaId,?,EQUAL>,NodePropertyFilter<amebaId,?,EQUAL>,NodePropertyFilter<amebaId,?,EQUAL>,NodePropertyFilter<amebaId,?,EQUAL>,NodePropertyFilter<amebaId,?,EQUAL>,NodePropertyFilter<amebaId,?,EQUAL>,NodePropertyFilter<amebaId,?,EQUAL>,NodePropertyFilter<amebaId,?,EQUAL>,NodePropertyFilter<amebaId,?,EQUAL>,NodePropertyFilter<amebaId,?,EQUAL>,NodePropertyFilter<amebaId,?,EQUAL>,NodePropertyFilter<amebaId,?,EQUAL>,NodePropertyFilter<amebaId,?,EQUAL>,NodePropertyFilter<amebaId,?,EQUAL>,NodePropertyFilter<amebaId,?,EQUAL>,NodePropertyFilter<amebaId,?,EQUAL>,NodePropertyFilter<amebaId,?,EQUAL>,NodePropertyFilter<amebaId,?,EQUAL>,NodePropertyFilter<amebaId,?,EQUAL>,NodePropertyFilter<amebaId,?,EQUAL>>,SIMPLE<?,?,OUTGOING>>	8820
select	FILTER<OrFilter<NodePropertyFilter<amebaId,?,EQUAL>,NodePropertyFilter<amebaId,?,EQUAL>,NodePropertyFilter<amebaId,?,EQUAL>,NodePropertyFilter<amebaId,?,EQUAL>,NodePropertyFilter<amebaId,?,EQUAL>,NodePropertyFilter<amebaId,?,EQUAL>,NodePropertyFilter<amebaId,?,EQUAL>,NodePropertyFilter<amebaId,?,EQUAL>,NodePropertyFilter<amebaId,?,EQUAL>,NodePropertyFilter<amebaId,?,EQUAL>,NodePropertyFilter<amebaId,?,EQUAL>,NodePropertyFilter<amebaId,?,EQUAL>,NodePropertyFilter<amebaId,?,EQUAL>,NodePropertyFilter<amebaId,?,EQUAL>,NodePropertyFilter<amebaId,?,EQUAL>,NodePropertyFilter<amebaId,?,EQUAL>,NodePropertyFilter<amebaId,?,EQUAL>,NodePropertyFilter<amebaId,?,EQUAL>,NodePropertyFilter<amebaId,?,EQUAL>,NodePropertyFilter<amebaId,?,EQUAL>,NodePropertyFilter<amebaId,?,EQUAL>,NodePropertyFilter<amebaId,?,EQUAL>,NodePropertyFilter<amebaId,?,EQUAL>,NodePropertyFilter<amebaId,?,EQUAL>,NodePropertyFilter<amebaId,?,EQUAL>,NodePropertyFilter<amebaId,?,EQUAL>,NodePropertyFilter<amebaId,?,EQUAL>,NodePropertyFilter<amebaId,?,EQUAL>,NodePropertyFilter<amebaId,?,EQUAL>,NodePropertyFilter<amebaId,?,EQUAL>,NodePropertyFilter<amebaId,?,EQUAL>,NodePropertyFilter<amebaId,?,EQUAL>,NodePropertyFilter<amebaId,?,EQUAL>,NodePropertyFilter<amebaId,?,EQUAL>,NodePropertyFilter<amebaId,?,EQUAL>,NodePropertyFilter<amebaId,?,EQUAL>,NodePropertyFilter<amebaId,?,EQUAL>,NodePropertyFilter<amebaId,?,EQUAL>,NodePropertyFilter<amebaId,?,EQUAL>,NodePropertyFilter<amebaId,?,EQUAL>,NodePropertyFilter<amebaId,?,EQUAL>,NodePropertyFilter<amebaId,?,EQUAL>,NodePropertyFilter<amebaId,?,EQUAL>,NodePropertyFilter<amebaId,?,EQUAL>,NodePropertyFilter<amebaId,?,EQUAL>,NodePropertyFilter<amebaId,?,EQUAL>,NodePropertyFilter<amebaId,?,EQUAL>,NodePropertyFilter<amebaId,?,EQUAL>,NodePropertyFilter<amebaId,?,EQUAL>,NodePropertyFilter<amebaId,?,EQUAL>,NodePropertyFilter<amebaId,?,EQUAL>,NodePropertyFilter<amebaId,?,EQUAL>,NodePropertyFilter<amebaId,?,EQUAL>,NodePropertyFilter<amebaId,?,EQUAL>,NodePropertyFilter<amebaId,?,EQUAL>,NodePropertyFilter<amebaId,?,EQUAL>,NodePropertyFilter<amebaId,?,EQUAL>,NodePropertyFilter<amebaId,?,EQUAL>,NodePropertyFilter<amebaId,?,EQUAL>,NodePropertyFilter<amebaId,?,EQUAL>,NodePropertyFilter<amebaId,?,EQUAL>,NodePropertyFilter<amebaId,?,EQUAL>,NodePropertyFilter<amebaId,?,EQUAL>,NodePropertyFilter<amebaId,?,EQUAL>,NodePropertyFilter<amebaId,?,EQUAL>>,SIMPLE<?,?,OUTGOING>>	252
select	FILTER<RelationshipPropertyFilter<statusShow,?,EQUAL>,SIMPLE<?,?,INCOMING>>	24508
select	FILTER<OrFilter<NodePropertyFilter<amebaId,?,EQUAL>,NodePropertyFilter<amebaId,?,EQUAL>,NodePropertyFilter<amebaId,?,EQUAL>,NodePropertyFilter<amebaId,?,EQUAL>,NodePropertyFilter<amebaId,?,EQUAL>,NodePropertyFilter<amebaId,?,EQUAL>,NodePropertyFilter<amebaId,?,EQUAL>,NodePropertyFilter<amebaId,?,EQUAL>>,SIMPLE<?,?,OUTGOING>>	17193
select	FILTER<OrFilter<NodePropertyFilter<amebaId,?,EQUAL>,NodePropertyFilter<amebaId,?,EQUAL>,NodePropertyFilter<amebaId,?,EQUAL>,NodePropertyFilter<amebaId,?,EQUAL>,NodePropertyFilter<amebaId,?,EQUAL>,NodePropertyFilter<amebaId,?,EQUAL>,NodePropertyFilter<amebaId,?,EQUAL>,NodePropertyFilter<amebaId,?,EQUAL>,NodePropertyFilter<amebaId,?,EQUAL>,NodePropertyFilter<amebaId,?,EQUAL>,NodePropertyFilter<amebaId,?,EQUAL>,NodePropertyFilter<amebaId,?,EQUAL>,NodePropertyFilter<amebaId,?,EQUAL>,NodePropertyFilter<amebaId,?,EQUAL>,NodePropertyFilter<amebaId,?,EQUAL>,NodePropertyFilter<amebaId,?,EQUAL>,NodePropertyFilter<amebaId,?,EQUAL>,NodePropertyFilter<amebaId,?,EQUAL>,NodePropertyFilter<amebaId,?,EQUAL>,NodePropertyFilter<amebaId,?,EQUAL>,NodePropertyFilter<amebaId,?,EQUAL>,NodePropertyFilter<amebaId,?,EQUAL>,NodePropertyFilter<amebaId,?,EQUAL>,NodePropertyFilter<amebaId,?,EQUAL>,NodePropertyFilter<amebaId,?,EQUAL>,NodePropertyFilter<amebaId,?,EQUAL>,NodePropertyFilter<amebaId,?,EQUAL>,NodePropertyFilter<amebaId,?,EQUAL>,NodePropertyFilter<amebaId,?,EQUAL>,NodePropertyFilter<amebaId,?,EQUAL>>,SIMPLE<?,?,OUTGOING>>	5832
select	FILTER<OrFilter<NodePropertyFilter<amebaId,?,EQUAL>,NodePropertyFilter<amebaId,?,EQUAL>,NodePropertyFilter<amebaId,?,EQUAL>,NodePropertyFilter<amebaId,?,EQUAL>,NodePropertyFilter<amebaId,?,EQUAL>,NodePropertyFilter<amebaId,?,EQUAL>,NodePropertyFilter<amebaId,?,EQUAL>,NodePropertyFilter<amebaId,?,EQUAL>,NodePropertyFilter<amebaId,?,EQUAL>,NodePropertyFilter<amebaId,?,EQUAL>,NodePropertyFilter<amebaId,?,EQUAL>,NodePropertyFilter<amebaId,?,EQUAL>,NodePropertyFilter<amebaId,?,EQUAL>,NodePropertyFilter<amebaId,?,EQUAL>,NodePropertyFilter<amebaId,?,EQUAL>,NodePropertyFilter<amebaId,?,EQUAL>,NodePropertyFilter<amebaId,?,EQUAL>,NodePropertyFilter<amebaId,?,EQUAL>,NodePropertyFilter<amebaId,?,EQUAL>,NodePropertyFilter<amebaId,?,EQUAL>,NodePropertyFilter<amebaId,?,EQUAL>,NodePropertyFilter<amebaId,?,EQUAL>,NodePropertyFilter<amebaId,?,EQUAL>,NodePropertyFilter<amebaId,?,EQUAL>,NodePropertyFilter<amebaId,?,EQUAL>,NodePropertyFilter<amebaId,?,EQUAL>,NodePropertyFilter<amebaId,?,EQUAL>,NodePropertyFilter<amebaId,?,EQUAL>,NodePropertyFilter<amebaId,?,EQUAL>,NodePropertyFilter<amebaId,?,EQUAL>,NodePropertyFilter<amebaId,?,EQUAL>,NodePropertyFilter<amebaId,?,EQUAL>,NodePropertyFilter<amebaId,?,EQUAL>,NodePropertyFilter<amebaId,?,EQUAL>,NodePropertyFilter<amebaId,?,EQUAL>,NodePropertyFilter<amebaId,?,EQUAL>,NodePropertyFilter<amebaId,?,EQUAL>,NodePropertyFilter<amebaId,?,EQUAL>,NodePropertyFilter<amebaId,?,EQUAL>,NodePropertyFilter<amebaId,?,EQUAL>,NodePropertyFilter<amebaId,?,EQUAL>,NodePropertyFilter<amebaId,?,EQUAL>,NodePropertyFilter<amebaId,?,EQUAL>,NodePropertyFilter<amebaId,?,EQUAL>,NodePropertyFilter<amebaId,?,EQUAL>,NodePropertyFilter<amebaId,?,EQUAL>,NodePropertyFilter<amebaId,?,EQUAL>,NodePropertyFilter<amebaId,?,EQUAL>,NodePropertyFilter<amebaId,?,EQUAL>,NodePropertyFilter<amebaId,?,EQUAL>>,SIMPLE<?,?,OUTGOING>>	14558
select	FILTER<OrFilter<NodePropertyFilter<amebaId,?,EQUAL>,NodePropertyFilter<amebaId,?,EQUAL>,NodePropertyFilter<amebaId,?,EQUAL>,NodePropertyFilter<amebaId,?,EQUAL>,NodePropertyFilter<amebaId,?,EQUAL>,NodePropertyFilter<amebaId,?,EQUAL>,NodePropertyFilter<amebaId,?,EQUAL>,NodePropertyFilter<amebaId,?,EQUAL>,NodePropertyFilter<amebaId,?,EQUAL>,NodePropertyFilter<amebaId,?,EQUAL>,NodePropertyFilter<amebaId,?,EQUAL>,NodePropertyFilter<amebaId,?,EQUAL>,NodePropertyFilter<amebaId,?,EQUAL>,NodePropertyFilter<amebaId,?,EQUAL>,NodePropertyFilter<amebaId,?,EQUAL>,NodePropertyFilter<amebaId,?,EQUAL>,NodePropertyFilter<amebaId,?,EQUAL>,NodePropertyFilter<amebaId,?,EQUAL>,NodePropertyFilter<amebaId,?,EQUAL>,NodePropertyFilter<amebaId,?,EQUAL>,NodePropertyFilter<amebaId,?,EQUAL>,NodePropertyFilter<amebaId,?,EQUAL>,NodePropertyFilter<amebaId,?,EQUAL>,NodePropertyFilter<amebaId,?,EQUAL>,NodePropertyFilter<amebaId,?,EQUAL>,NodePropertyFilter<amebaId,?,EQUAL>,NodePropertyFilter<amebaId,?,EQUAL>,NodePropertyFilter<amebaId,?,EQUAL>,NodePropertyFilter<amebaId,?,EQUAL>,NodePropertyFilter<amebaId,?,EQUAL>,NodePropertyFilter<amebaId,?,EQUAL>,NodePropertyFilter<amebaId,?,EQUAL>,NodePropertyFilter<amebaId,?,EQUAL>,NodePropertyFilter<amebaId,?,EQUAL>,NodePropertyFilter<amebaId,?,EQUAL>,NodePropertyFilter<amebaId,?,EQUAL>,NodePropertyFilter<amebaId,?,EQUAL>,NodePropertyFilter<amebaId,?,EQUAL>,NodePropertyFilter<amebaId,?,EQUAL>,NodePropertyFilter<amebaId,?,EQUAL>,NodePropertyFilter<amebaId,?,EQUAL>,NodePropertyFilter<amebaId,?,EQUAL>,NodePropertyFilter<amebaId,?,EQUAL>,NodePropertyFilter<amebaId,?,EQUAL>,NodePropertyFilter<amebaId,?,EQUAL>,NodePropertyFilter<amebaId,?,EQUAL>,NodePropertyFilter<amebaId,?,EQUAL>,NodePropertyFilter<amebaId,?,EQUAL>,NodePropertyFilter<amebaId,?,EQUAL>,NodePropertyFilter<amebaId,?,EQUAL>,NodePropertyFilter<amebaId,?,EQUAL>>,SIMPLE<?,?,OUTGOING>>	13941
select	FILTER<OrFilter<NodePropertyFilter<amebaId,?,EQUAL>,NodePropertyFilter<amebaId,?,EQUAL>,NodePropertyFilter<amebaId,?,EQUAL>,NodePropertyFilter<amebaId,?,EQUAL>,NodePropertyFilter<amebaId,?,EQUAL>,NodePropertyFilter<amebaId,?,EQUAL>,NodePropertyFilter<amebaId,?,EQUAL>,NodePropertyFilter<amebaId,?,EQUAL>,NodePropertyFilter<amebaId,?,EQUAL>,NodePropertyFilter<amebaId,?,EQUAL>,NodePropertyFilter<amebaId,?,EQUAL>,NodePropertyFilter<amebaId,?,EQUAL>,NodePropertyFilter<amebaId,?,EQUAL>,NodePropertyFilter<amebaId,?,EQUAL>,NodePropertyFilter<amebaId,?,EQUAL>,NodePropertyFilter<amebaId,?,EQUAL>,NodePropertyFilter<amebaId,?,EQUAL>,NodePropertyFilter<amebaId,?,EQUAL>,NodePropertyFilter<amebaId,?,EQUAL>,NodePropertyFilter<amebaId,?,EQUAL>,NodePropertyFilter<amebaId,?,EQUAL>,NodePropertyFilter<amebaId,?,EQUAL>,NodePropertyFilter<amebaId,?,EQUAL>,NodePropertyFilter<amebaId,?,EQUAL>,NodePropertyFilter<amebaId,?,EQUAL>,NodePropertyFilter<amebaId,?,EQUAL>,NodePropertyFilter<amebaId,?,EQUAL>,NodePropertyFilter<amebaId,?,EQUAL>,NodePropertyFilter<amebaId,?,EQUAL>,NodePropertyFilter<amebaId,?,EQUAL>,NodePropertyFilter<amebaId,?,EQUAL>,NodePropertyFilter<amebaId,?,EQUAL>,NodePropertyFilter<amebaId,?,EQUAL>,NodePropertyFilter<amebaId,?,EQUAL>,NodePropertyFilter<amebaId,?,EQUAL>,NodePropertyFilter<amebaId,?,EQUAL>,NodePropertyFilter<amebaId,?,EQUAL>,NodePropertyFilter<amebaId,?,EQUAL>,NodePropertyFilter<amebaId,?,EQUAL>,NodePropertyFilter<amebaId,?,EQUAL>,NodePropertyFilter<amebaId,?,EQUAL>,NodePropertyFilter<amebaId,?,EQUAL>,NodePropertyFilter<amebaId,?,EQUAL>,NodePropertyFilter<amebaId,?,EQUAL>,NodePropertyFilter<amebaId,?,EQUAL>,NodePropertyFilter<amebaId,?,EQUAL>,NodePropertyFilter<amebaId,?,EQUAL>,NodePropertyFilter<amebaId,?,EQUAL>,NodePropertyFilter<amebaId,?,EQUAL>,NodePropertyFilter<amebaId,?,EQUAL>,NodePropertyFilter<amebaId,?,EQUAL>,NodePropertyFilter<amebaId,?,EQUAL>>,SIMPLE<?,?,OUTGOING>>	13586
select	FILTER<OrFilter<NodePropertyFilter<amebaId,?,EQUAL>,NodePropertyFilter<amebaId,?,EQUAL>,NodePropertyFilter<amebaId,?,EQUAL>,NodePropertyFilter<amebaId,?,EQUAL>,NodePropertyFilter<amebaId,?,EQUAL>,NodePropertyFilter<amebaId,?,EQUAL>,NodePropertyFilter<amebaId,?,EQUAL>,NodePropertyFilter<amebaId,?,EQUAL>,NodePropertyFilter<amebaId,?,EQUAL>,NodePropertyFilter<amebaId,?,EQUAL>,NodePropertyFilter<amebaId,?,EQUAL>,NodePropertyFilter<amebaId,?,EQUAL>,NodePropertyFilter<amebaId,?,EQUAL>,NodePropertyFilter<amebaId,?,EQUAL>,NodePropertyFilter<amebaId,?,EQUAL>,NodePropertyFilter<amebaId,?,EQUAL>,NodePropertyFilter<amebaId,?,EQUAL>,NodePropertyFilter<amebaId,?,EQUAL>,NodePropertyFilter<amebaId,?,EQUAL>,NodePropertyFilter<amebaId,?,EQUAL>,NodePropertyFilter<amebaId,?,EQUAL>,NodePropertyFilter<amebaId,?,EQUAL>,NodePropertyFilter<amebaId,?,EQUAL>,NodePropertyFilter<amebaId,?,EQUAL>,NodePropertyFilter<amebaId,?,EQUAL>,NodePropertyFilter<amebaId,?,EQUAL>,NodePropertyFilter<amebaId,?,EQUAL>,NodePropertyFilter<amebaId,?,EQUAL>,NodePropertyFilter<amebaId,?,EQUAL>,NodePropertyFilter<amebaId,?,EQUAL>,NodePropertyFilter<amebaId,?,EQUAL>>,SIMPLE<?,?,OUTGOING>>	5420
select	FILTER<RelationshipPropertyFilter<statusSendMail,?,EQUAL>,SIMPLE<?,?,INCOMING>>	209739
select	FILTER<RelationshipPropertyFilter<status,?,EQUAL>,SIMPLE<?,?,OUTGOING>>	1984585
select	FILTER<OrFilter<NodePropertyFilter<amebaId,?,EQUAL>,NodePropertyFilter<amebaId,?,EQUAL>,NodePropertyFilter<amebaId,?,EQUAL>>,SIMPLE<?,?,OUTGOING>>	12976
select	FILTER<OrFilter<NodePropertyFilter<amebaId,?,EQUAL>,NodePropertyFilter<amebaId,?,EQUAL>,NodePropertyFilter<amebaId,?,EQUAL>,NodePropertyFilter<amebaId,?,EQUAL>,NodePropertyFilter<amebaId,?,EQUAL>,NodePropertyFilter<amebaId,?,EQUAL>,NodePropertyFilter<amebaId,?,EQUAL>,NodePropertyFilter<amebaId,?,EQUAL>,NodePropertyFilter<amebaId,?,EQUAL>,NodePropertyFilter<amebaId,?,EQUAL>,NodePropertyFilter<amebaId,?,EQUAL>,NodePropertyFilter<amebaId,?,EQUAL>>,SIMPLE<?,?,OUTGOING>>	21920
select	FILTER<OrFilter<NodePropertyFilter<amebaId,?,EQUAL>,NodePropertyFilter<amebaId,?,EQUAL>,NodePropertyFilter<amebaId,?,EQUAL>,NodePropertyFilter<amebaId,?,EQUAL>,NodePropertyFilter<amebaId,?,EQUAL>,NodePropertyFilter<amebaId,?,EQUAL>,NodePropertyFilter<amebaId,?,EQUAL>,NodePropertyFilter<amebaId,?,EQUAL>,NodePropertyFilter<amebaId,?,EQUAL>,NodePropertyFilter<amebaId,?,EQUAL>,NodePropertyFilter<amebaId,?,EQUAL>,NodePropertyFilter<amebaId,?,EQUAL>,NodePropertyFilter<amebaId,?,EQUAL>,NodePropertyFilter<amebaId,?,EQUAL>,NodePropertyFilter<amebaId,?,EQUAL>,NodePropertyFilter<amebaId,?,EQUAL>,NodePropertyFilter<amebaId,?,EQUAL>,NodePropertyFilter<amebaId,?,EQUAL>,NodePropertyFilter<amebaId,?,EQUAL>,NodePropertyFilter<amebaId,?,EQUAL>,NodePropertyFilter<amebaId,?,EQUAL>,NodePropertyFilter<amebaId,?,EQUAL>,NodePropertyFilter<amebaId,?,EQUAL>,NodePropertyFilter<amebaId,?,EQUAL>>,SIMPLE<?,?,OUTGOING>>	11100
select	FILTER<OrFilter<NodePropertyFilter<amebaId,?,EQUAL>,NodePropertyFilter<amebaId,?,EQUAL>,NodePropertyFilter<amebaId,?,EQUAL>,NodePropertyFilter<amebaId,?,EQUAL>,NodePropertyFilter<amebaId,?,EQUAL>,NodePropertyFilter<amebaId,?,EQUAL>,NodePropertyFilter<amebaId,?,EQUAL>,NodePropertyFilter<amebaId,?,EQUAL>,NodePropertyFilter<amebaId,?,EQUAL>,NodePropertyFilter<amebaId,?,EQUAL>,NodePropertyFilter<amebaId,?,EQUAL>,NodePropertyFilter<amebaId,?,EQUAL>,NodePropertyFilter<amebaId,?,EQUAL>,NodePropertyFilter<amebaId,?,EQUAL>,NodePropertyFilter<amebaId,?,EQUAL>,NodePropertyFilter<amebaId,?,EQUAL>,NodePropertyFilter<amebaId,?,EQUAL>,NodePropertyFilter<amebaId,?,EQUAL>,NodePropertyFilter<amebaId,?,EQUAL>,NodePropertyFilter<amebaId,?,EQUAL>,NodePropertyFilter<amebaId,?,EQUAL>,NodePropertyFilter<amebaId,?,EQUAL>,NodePropertyFilter<amebaId,?,EQUAL>,NodePropertyFilter<amebaId,?,EQUAL>,NodePropertyFilter<amebaId,?,EQUAL>,NodePropertyFilter<amebaId,?,EQUAL>,NodePropertyFilter<amebaId,?,EQUAL>,NodePropertyFilter<amebaId,?,EQUAL>>,SIMPLE<?,?,OUTGOING>>	6338
select	FILTER<OrFilter<NodePropertyFilter<amebaId,?,EQUAL>,NodePropertyFilter<amebaId,?,EQUAL>,NodePropertyFilter<amebaId,?,EQUAL>,NodePropertyFilter<amebaId,?,EQUAL>,NodePropertyFilter<amebaId,?,EQUAL>,NodePropertyFilter<amebaId,?,EQUAL>,NodePropertyFilter<amebaId,?,EQUAL>,NodePropertyFilter<amebaId,?,EQUAL>,NodePropertyFilter<amebaId,?,EQUAL>,NodePropertyFilter<amebaId,?,EQUAL>,NodePropertyFilter<amebaId,?,EQUAL>,NodePropertyFilter<amebaId,?,EQUAL>,NodePropertyFilter<amebaId,?,EQUAL>,NodePropertyFilter<amebaId,?,EQUAL>,NodePropertyFilter<amebaId,?,EQUAL>,NodePropertyFilter<amebaId,?,EQUAL>,NodePropertyFilter<amebaId,?,EQUAL>,NodePropertyFilter<amebaId,?,EQUAL>,NodePropertyFilter<amebaId,?,EQUAL>,NodePropertyFilter<amebaId,?,EQUAL>,NodePropertyFilter<amebaId,?,EQUAL>,NodePropertyFilter<amebaId,?,EQUAL>,NodePropertyFilter<amebaId,?,EQUAL>,NodePropertyFilter<amebaId,?,EQUAL>,NodePropertyFilter<amebaId,?,EQUAL>,NodePropertyFilter<amebaId,?,EQUAL>,NodePropertyFilter<amebaId,?,EQUAL>,NodePropertyFilter<amebaId,?,EQUAL>,NodePropertyFilter<amebaId,?,EQUAL>,NodePropertyFilter<amebaId,?,EQUAL>,NodePropertyFilter<amebaId,?,EQUAL>,NodePropertyFilter<amebaId,?,EQUAL>,NodePropertyFilter<amebaId,?,EQUAL>,NodePropertyFilter<amebaId,?,EQUAL>,NodePropertyFilter<amebaId,?,EQUAL>,NodePropertyFilter<amebaId,?,EQUAL>>,SIMPLE<?,?,OUTGOING>>	8679
select	FILTER<OrFilter<NodePropertyFilter<amebaId,?,EQUAL>,NodePropertyFilter<amebaId,?,EQUAL>,NodePropertyFilter<amebaId,?,EQUAL>,NodePropertyFilter<amebaId,?,EQUAL>,NodePropertyFilter<amebaId,?,EQUAL>,NodePropertyFilter<amebaId,?,EQUAL>,NodePropertyFilter<amebaId,?,EQUAL>,NodePropertyFilter<amebaId,?,EQUAL>,NodePropertyFilter<amebaId,?,EQUAL>,NodePropertyFilter<amebaId,?,EQUAL>,NodePropertyFilter<amebaId,?,EQUAL>,NodePropertyFilter<amebaId,?,EQUAL>,NodePropertyFilter<amebaId,?,EQUAL>,NodePropertyFilter<amebaId,?,EQUAL>,NodePropertyFilter<amebaId,?,EQUAL>,NodePropertyFilter<amebaId,?,EQUAL>,NodePropertyFilter<amebaId,?,EQUAL>,NodePropertyFilter<amebaId,?,EQUAL>,NodePropertyFilter<amebaId,?,EQUAL>,NodePropertyFilter<amebaId,?,EQUAL>,NodePropertyFilter<amebaId,?,EQUAL>,NodePropertyFilter<amebaId,?,EQUAL>,NodePropertyFilter<amebaId,?,EQUAL>,NodePropertyFilter<amebaId,?,EQUAL>,NodePropertyFilter<amebaId,?,EQUAL>,NodePropertyFilter<amebaId,?,EQUAL>,NodePropertyFilter<amebaId,?,EQUAL>,NodePropertyFilter<amebaId,?,EQUAL>,NodePropertyFilter<amebaId,?,EQUAL>,NodePropertyFilter<amebaId,?,EQUAL>,NodePropertyFilter<amebaId,?,EQUAL>,NodePropertyFilter<amebaId,?,EQUAL>,NodePropertyFilter<amebaId,?,EQUAL>,NodePropertyFilter<amebaId,?,EQUAL>,NodePropertyFilter<amebaId,?,EQUAL>,NodePropertyFilter<amebaId,?,EQUAL>,NodePropertyFilter<amebaId,?,EQUAL>,NodePropertyFilter<amebaId,?,EQUAL>,NodePropertyFilter<amebaId,?,EQUAL>,NodePropertyFilter<amebaId,?,EQUAL>>,SIMPLE<?,?,OUTGOING>>	10762
select	FILTER<OrFilter<NodePropertyFilter<amebaId,?,EQUAL>,NodePropertyFilter<amebaId,?,EQUAL>,NodePropertyFilter<amebaId,?,EQUAL>,NodePropertyFilter<amebaId,?,EQUAL>,NodePropertyFilter<amebaId,?,EQUAL>,NodePropertyFilter<amebaId,?,EQUAL>,NodePropertyFilter<amebaId,?,EQUAL>,NodePropertyFilter<amebaId,?,EQUAL>,NodePropertyFilter<amebaId,?,EQUAL>,NodePropertyFilter<amebaId,?,EQUAL>,NodePropertyFilter<amebaId,?,EQUAL>,NodePropertyFilter<amebaId,?,EQUAL>,NodePropertyFilter<amebaId,?,EQUAL>,NodePropertyFilter<amebaId,?,EQUAL>,NodePropertyFilter<amebaId,?,EQUAL>,NodePropertyFilter<amebaId,?,EQUAL>,NodePropertyFilter<amebaId,?,EQUAL>,NodePropertyFilter<amebaId,?,EQUAL>,NodePropertyFilter<amebaId,?,EQUAL>,NodePropertyFilter<amebaId,?,EQUAL>,NodePropertyFilter<amebaId,?,EQUAL>,NodePropertyFilter<amebaId,?,EQUAL>,NodePropertyFilter<amebaId,?,EQUAL>,NodePropertyFilter<amebaId,?,EQUAL>,NodePropertyFilter<amebaId,?,EQUAL>,NodePropertyFilter<amebaId,?,EQUAL>,NodePropertyFilter<amebaId,?,EQUAL>,NodePropertyFilter<amebaId,?,EQUAL>,NodePropertyFilter<amebaId,?,EQUAL>,NodePropertyFilter<amebaId,?,EQUAL>,NodePropertyFilter<amebaId,?,EQUAL>,NodePropertyFilter<amebaId,?,EQUAL>,NodePropertyFilter<amebaId,?,EQUAL>,NodePropertyFilter<amebaId,?,EQUAL>,NodePropertyFilter<amebaId,?,EQUAL>,NodePropertyFilter<amebaId,?,EQUAL>,NodePropertyFilter<amebaId,?,EQUAL>,NodePropertyFilter<amebaId,?,EQUAL>,NodePropertyFilter<amebaId,?,EQUAL>,NodePropertyFilter<amebaId,?,EQUAL>,NodePropertyFilter<amebaId,?,EQUAL>,NodePropertyFilter<amebaId,?,EQUAL>,NodePropertyFilter<amebaId,?,EQUAL>,NodePropertyFilter<amebaId,?,EQUAL>,NodePropertyFilter<amebaId,?,EQUAL>,NodePropertyFilter<amebaId,?,EQUAL>>,SIMPLE<?,?,OUTGOING>>	14061
select	FILTER<OrFilter<NodePropertyFilter<amebaId,?,EQUAL>,NodePropertyFilter<amebaId,?,EQUAL>,NodePropertyFilter<amebaId,?,EQUAL>,NodePropertyFilter<amebaId,?,EQUAL>,NodePropertyFilter<amebaId,?,EQUAL>,NodePropertyFilter<amebaId,?,EQUAL>,NodePropertyFilter<amebaId,?,EQUAL>,NodePropertyFilter<amebaId,?,EQUAL>,NodePropertyFilter<amebaId,?,EQUAL>,NodePropertyFilter<amebaId,?,EQUAL>,NodePropertyFilter<amebaId,?,EQUAL>,NodePropertyFilter<amebaId,?,EQUAL>,NodePropertyFilter<amebaId,?,EQUAL>,NodePropertyFilter<amebaId,?,EQUAL>,NodePropertyFilter<amebaId,?,EQUAL>,NodePropertyFilter<amebaId,?,EQUAL>,NodePropertyFilter<amebaId,?,EQUAL>,NodePropertyFilter<amebaId,?,EQUAL>,NodePropertyFilter<amebaId,?,EQUAL>,NodePropertyFilter<amebaId,?,EQUAL>,NodePropertyFilter<amebaId,?,EQUAL>,NodePropertyFilter<amebaId,?,EQUAL>,NodePropertyFilter<amebaId,?,EQUAL>,NodePropertyFilter<amebaId,?,EQUAL>,NodePropertyFilter<amebaId,?,EQUAL>,NodePropertyFilter<amebaId,?,EQUAL>,NodePropertyFilter<amebaId,?,EQUAL>,NodePropertyFilter<amebaId,?,EQUAL>,NodePropertyFilter<amebaId,?,EQUAL>,NodePropertyFilter<amebaId,?,EQUAL>,NodePropertyFilter<amebaId,?,EQUAL>,NodePropertyFilter<amebaId,?,EQUAL>,NodePropertyFilter<amebaId,?,EQUAL>,NodePropertyFilter<amebaId,?,EQUAL>,NodePropertyFilter<amebaId,?,EQUAL>,NodePropertyFilter<amebaId,?,EQUAL>,NodePropertyFilter<amebaId,?,EQUAL>,NodePropertyFilter<amebaId,?,EQUAL>,NodePropertyFilter<amebaId,?,EQUAL>,NodePropertyFilter<amebaId,?,EQUAL>,NodePropertyFilter<amebaId,?,EQUAL>,NodePropertyFilter<amebaId,?,EQUAL>,NodePropertyFilter<amebaId,?,EQUAL>,NodePropertyFilter<amebaId,?,EQUAL>,NodePropertyFilter<amebaId,?,EQUAL>,NodePropertyFilter<amebaId,?,EQUAL>,NodePropertyFilter<amebaId,?,EQUAL>,NodePropertyFilter<amebaId,?,EQUAL>,NodePropertyFilter<amebaId,?,EQUAL>>,SIMPLE<?,?,OUTGOING>>	14174
select	FILTER<OrFilter<NodePropertyFilter<amebaId,?,EQUAL>,NodePropertyFilter<amebaId,?,EQUAL>,NodePropertyFilter<amebaId,?,EQUAL>,NodePropertyFilter<amebaId,?,EQUAL>,NodePropertyFilter<amebaId,?,EQUAL>,NodePropertyFilter<amebaId,?,EQUAL>,NodePropertyFilter<amebaId,?,EQUAL>,NodePropertyFilter<amebaId,?,EQUAL>,NodePropertyFilter<amebaId,?,EQUAL>,NodePropertyFilter<amebaId,?,EQUAL>,NodePropertyFilter<amebaId,?,EQUAL>,NodePropertyFilter<amebaId,?,EQUAL>,NodePropertyFilter<amebaId,?,EQUAL>,NodePropertyFilter<amebaId,?,EQUAL>,NodePropertyFilter<amebaId,?,EQUAL>,NodePropertyFilter<amebaId,?,EQUAL>,NodePropertyFilter<amebaId,?,EQUAL>,NodePropertyFilter<amebaId,?,EQUAL>,NodePropertyFilter<amebaId,?,EQUAL>,NodePropertyFilter<amebaId,?,EQUAL>,NodePropertyFilter<amebaId,?,EQUAL>,NodePropertyFilter<amebaId,?,EQUAL>,NodePropertyFilter<amebaId,?,EQUAL>,NodePropertyFilter<amebaId,?,EQUAL>,NodePropertyFilter<amebaId,?,EQUAL>,NodePropertyFilter<amebaId,?,EQUAL>,NodePropertyFilter<amebaId,?,EQUAL>,NodePropertyFilter<amebaId,?,EQUAL>,NodePropertyFilter<amebaId,?,EQUAL>,NodePropertyFilter<amebaId,?,EQUAL>,NodePropertyFilter<amebaId,?,EQUAL>,NodePropertyFilter<amebaId,?,EQUAL>,NodePropertyFilter<amebaId,?,EQUAL>,NodePropertyFilter<amebaId,?,EQUAL>,NodePropertyFilter<amebaId,?,EQUAL>,NodePropertyFilter<amebaId,?,EQUAL>,NodePropertyFilter<amebaId,?,EQUAL>,NodePropertyFilter<amebaId,?,EQUAL>,NodePropertyFilter<amebaId,?,EQUAL>,NodePropertyFilter<amebaId,?,EQUAL>,NodePropertyFilter<amebaId,?,EQUAL>,NodePropertyFilter<amebaId,?,EQUAL>,NodePropertyFilter<amebaId,?,EQUAL>,NodePropertyFilter<amebaId,?,EQUAL>,NodePropertyFilter<amebaId,?,EQUAL>,NodePropertyFilter<amebaId,?,EQUAL>,NodePropertyFilter<amebaId,?,EQUAL>,NodePropertyFilter<amebaId,?,EQUAL>,NodePropertyFilter<amebaId,?,EQUAL>,NodePropertyFilter<amebaId,?,EQUAL>,NodePropertyFilter<amebaId,?,EQUAL>,NodePropertyFilter<amebaId,?,EQUAL>,NodePropertyFilter<amebaId,?,EQUAL>>,SIMPLE<?,?,OUTGOING>>	12679
select	FILTER<OrFilter<NodePropertyFilter<amebaId,?,EQUAL>,NodePropertyFilter<amebaId,?,EQUAL>,NodePropertyFilter<amebaId,?,EQUAL>,NodePropertyFilter<amebaId,?,EQUAL>,NodePropertyFilter<amebaId,?,EQUAL>,NodePropertyFilter<amebaId,?,EQUAL>,NodePropertyFilter<amebaId,?,EQUAL>,NodePropertyFilter<amebaId,?,EQUAL>,NodePropertyFilter<amebaId,?,EQUAL>,NodePropertyFilter<amebaId,?,EQUAL>,NodePropertyFilter<amebaId,?,EQUAL>,NodePropertyFilter<amebaId,?,EQUAL>,NodePropertyFilter<amebaId,?,EQUAL>,NodePropertyFilter<amebaId,?,EQUAL>,NodePropertyFilter<amebaId,?,EQUAL>,NodePropertyFilter<amebaId,?,EQUAL>,NodePropertyFilter<amebaId,?,EQUAL>,NodePropertyFilter<amebaId,?,EQUAL>,NodePropertyFilter<amebaId,?,EQUAL>,NodePropertyFilter<amebaId,?,EQUAL>,NodePropertyFilter<amebaId,?,EQUAL>,NodePropertyFilter<amebaId,?,EQUAL>,NodePropertyFilter<amebaId,?,EQUAL>,NodePropertyFilter<amebaId,?,EQUAL>,NodePropertyFilter<amebaId,?,EQUAL>,NodePropertyFilter<amebaId,?,EQUAL>,NodePropertyFilter<amebaId,?,EQUAL>,NodePropertyFilter<amebaId,?,EQUAL>,NodePropertyFilter<amebaId,?,EQUAL>,NodePropertyFilter<amebaId,?,EQUAL>,NodePropertyFilter<amebaId,?,EQUAL>,NodePropertyFilter<amebaId,?,EQUAL>,NodePropertyFilter<amebaId,?,EQUAL>,NodePropertyFilter<amebaId,?,EQUAL>,NodePropertyFilter<amebaId,?,EQUAL>,NodePropertyFilter<amebaId,?,EQUAL>,NodePropertyFilter<amebaId,?,EQUAL>,NodePropertyFilter<amebaId,?,EQUAL>,NodePropertyFilter<amebaId,?,EQUAL>,NodePropertyFilter<amebaId,?,EQUAL>,NodePropertyFilter<amebaId,?,EQUAL>,NodePropertyFilter<amebaId,?,EQUAL>,NodePropertyFilter<amebaId,?,EQUAL>,NodePropertyFilter<amebaId,?,EQUAL>,NodePropertyFilter<amebaId,?,EQUAL>,NodePropertyFilter<amebaId,?,EQUAL>,NodePropertyFilter<amebaId,?,EQUAL>,NodePropertyFilter<amebaId,?,EQUAL>,NodePropertyFilter<amebaId,?,EQUAL>,NodePropertyFilter<amebaId,?,EQUAL>,NodePropertyFilter<amebaId,?,EQUAL>,NodePropertyFilter<amebaId,?,EQUAL>,NodePropertyFilter<amebaId,?,EQUAL>,NodePropertyFilter<amebaId,?,EQUAL>,NodePropertyFilter<amebaId,?,EQUAL>>,SIMPLE<?,?,OUTGOING>>	10659
select	FILTER<OrFilter<NodePropertyFilter<amebaId,?,EQUAL>,NodePropertyFilter<amebaId,?,EQUAL>,NodePropertyFilter<amebaId,?,EQUAL>,NodePropertyFilter<amebaId,?,EQUAL>,NodePropertyFilter<amebaId,?,EQUAL>,NodePropertyFilter<amebaId,?,EQUAL>,NodePropertyFilter<amebaId,?,EQUAL>,NodePropertyFilter<amebaId,?,EQUAL>,NodePropertyFilter<amebaId,?,EQUAL>,NodePropertyFilter<amebaId,?,EQUAL>,NodePropertyFilter<amebaId,?,EQUAL>,NodePropertyFilter<amebaId,?,EQUAL>,NodePropertyFilter<amebaId,?,EQUAL>,NodePropertyFilter<amebaId,?,EQUAL>,NodePropertyFilter<amebaId,?,EQUAL>,NodePropertyFilter<amebaId,?,EQUAL>,NodePropertyFilter<amebaId,?,EQUAL>,NodePropertyFilter<amebaId,?,EQUAL>,NodePropertyFilter<amebaId,?,EQUAL>,NodePropertyFilter<amebaId,?,EQUAL>,NodePropertyFilter<amebaId,?,EQUAL>,NodePropertyFilter<amebaId,?,EQUAL>,NodePropertyFilter<amebaId,?,EQUAL>,NodePropertyFilter<amebaId,?,EQUAL>,NodePropertyFilter<amebaId,?,EQUAL>,NodePropertyFilter<amebaId,?,EQUAL>,NodePropertyFilter<amebaId,?,EQUAL>,NodePropertyFilter<amebaId,?,EQUAL>,NodePropertyFilter<amebaId,?,EQUAL>,NodePropertyFilter<amebaId,?,EQUAL>,NodePropertyFilter<amebaId,?,EQUAL>,NodePropertyFilter<amebaId,?,EQUAL>,NodePropertyFilter<amebaId,?,EQUAL>,NodePropertyFilter<amebaId,?,EQUAL>,NodePropertyFilter<amebaId,?,EQUAL>,NodePropertyFilter<amebaId,?,EQUAL>,NodePropertyFilter<amebaId,?,EQUAL>,NodePropertyFilter<amebaId,?,EQUAL>,NodePropertyFilter<amebaId,?,EQUAL>,NodePropertyFilter<amebaId,?,EQUAL>,NodePropertyFilter<amebaId,?,EQUAL>,NodePropertyFilter<amebaId,?,EQUAL>,NodePropertyFilter<amebaId,?,EQUAL>,NodePropertyFilter<amebaId,?,EQUAL>,NodePropertyFilter<amebaId,?,EQUAL>,NodePropertyFilter<amebaId,?,EQUAL>,NodePropertyFilter<amebaId,?,EQUAL>,NodePropertyFilter<amebaId,?,EQUAL>,NodePropertyFilter<amebaId,?,EQUAL>,NodePropertyFilter<amebaId,?,EQUAL>,NodePropertyFilter<amebaId,?,EQUAL>,NodePropertyFilter<amebaId,?,EQUAL>,NodePropertyFilter<amebaId,?,EQUAL>,NodePropertyFilter<amebaId,?,EQUAL>,NodePropertyFilter<amebaId,?,EQUAL>,NodePropertyFilter<amebaId,?,EQUAL>,NodePropertyFilter<amebaId,?,EQUAL>,NodePropertyFilter<amebaId,?,EQUAL>,NodePropertyFilter<amebaId,?,EQUAL>,NodePropertyFilter<amebaId,?,EQUAL>,NodePropertyFilter<amebaId,?,EQUAL>,NodePropertyFilter<amebaId,?,EQUAL>>,SIMPLE<?,?,OUTGOING>>	1711
select	FILTER<OrFilter<NodePropertyFilter<amebaId,?,EQUAL>,NodePropertyFilter<amebaId,?,EQUAL>>,SIMPLE<?,?,OUTGOING>>	12909
select	FILTER<OrFilter<NodePropertyFilter<amebaId,?,EQUAL>,NodePropertyFilter<amebaId,?,EQUAL>,NodePropertyFilter<amebaId,?,EQUAL>,NodePropertyFilter<amebaId,?,EQUAL>,NodePropertyFilter<amebaId,?,EQUAL>,NodePropertyFilter<amebaId,?,EQUAL>,NodePropertyFilter<amebaId,?,EQUAL>,NodePropertyFilter<amebaId,?,EQUAL>,NodePropertyFilter<amebaId,?,EQUAL>>,SIMPLE<?,?,OUTGOING>>	17393
select	FILTER<OrFilter<NodePropertyFilter<amebaId,?,EQUAL>,NodePropertyFilter<amebaId,?,EQUAL>,NodePropertyFilter<amebaId,?,EQUAL>,NodePropertyFilter<amebaId,?,EQUAL>,NodePropertyFilter<amebaId,?,EQUAL>,NodePropertyFilter<amebaId,?,EQUAL>,NodePropertyFilter<amebaId,?,EQUAL>,NodePropertyFilter<amebaId,?,EQUAL>,NodePropertyFilter<amebaId,?,EQUAL>,NodePropertyFilter<amebaId,?,EQUAL>,NodePropertyFilter<amebaId,?,EQUAL>,NodePropertyFilter<amebaId,?,EQUAL>,NodePropertyFilter<amebaId,?,EQUAL>>,SIMPLE<?,?,OUTGOING>>	22540
select	FILTER<OrFilter<NodePropertyFilter<amebaId,?,EQUAL>,NodePropertyFilter<amebaId,?,EQUAL>,NodePropertyFilter<amebaId,?,EQUAL>,NodePropertyFilter<amebaId,?,EQUAL>,NodePropertyFilter<amebaId,?,EQUAL>,NodePropertyFilter<amebaId,?,EQUAL>,NodePropertyFilter<amebaId,?,EQUAL>,NodePropertyFilter<amebaId,?,EQUAL>,NodePropertyFilter<amebaId,?,EQUAL>,NodePropertyFilter<amebaId,?,EQUAL>,NodePropertyFilter<amebaId,?,EQUAL>,NodePropertyFilter<amebaId,?,EQUAL>,NodePropertyFilter<amebaId,?,EQUAL>,NodePropertyFilter<amebaId,?,EQUAL>,NodePropertyFilter<amebaId,?,EQUAL>,NodePropertyFilter<amebaId,?,EQUAL>,NodePropertyFilter<amebaId,?,EQUAL>,NodePropertyFilter<amebaId,?,EQUAL>,NodePropertyFilter<amebaId,?,EQUAL>,NodePropertyFilter<amebaId,?,EQUAL>,NodePropertyFilter<amebaId,?,EQUAL>,NodePropertyFilter<amebaId,?,EQUAL>,NodePropertyFilter<amebaId,?,EQUAL>>,SIMPLE<?,?,OUTGOING>>	12529
select	FILTER<OrFilter<NodePropertyFilter<amebaId,?,EQUAL>>,SIMPLE<?,?,OUTGOING>>	15466
select	FILTER<OrFilter<NodePropertyFilter<amebaId,?,EQUAL>,NodePropertyFilter<amebaId,?,EQUAL>,NodePropertyFilter<amebaId,?,EQUAL>,NodePropertyFilter<amebaId,?,EQUAL>,NodePropertyFilter<amebaId,?,EQUAL>,NodePropertyFilter<amebaId,?,EQUAL>,NodePropertyFilter<amebaId,?,EQUAL>,NodePropertyFilter<amebaId,?,EQUAL>,NodePropertyFilter<amebaId,?,EQUAL>,NodePropertyFilter<amebaId,?,EQUAL>,NodePropertyFilter<amebaId,?,EQUAL>,NodePropertyFilter<amebaId,?,EQUAL>,NodePropertyFilter<amebaId,?,EQUAL>,NodePropertyFilter<amebaId,?,EQUAL>,NodePropertyFilter<amebaId,?,EQUAL>,NodePropertyFilter<amebaId,?,EQUAL>,NodePropertyFilter<amebaId,?,EQUAL>,NodePropertyFilter<amebaId,?,EQUAL>,NodePropertyFilter<amebaId,?,EQUAL>,NodePropertyFilter<amebaId,?,EQUAL>,NodePropertyFilter<amebaId,?,EQUAL>,NodePropertyFilter<amebaId,?,EQUAL>,NodePropertyFilter<amebaId,?,EQUAL>,NodePropertyFilter<amebaId,?,EQUAL>,NodePropertyFilter<amebaId,?,EQUAL>,NodePropertyFilter<amebaId,?,EQUAL>,NodePropertyFilter<amebaId,?,EQUAL>,NodePropertyFilter<amebaId,?,EQUAL>,NodePropertyFilter<amebaId,?,EQUAL>,NodePropertyFilter<amebaId,?,EQUAL>,NodePropertyFilter<amebaId,?,EQUAL>,NodePropertyFilter<amebaId,?,EQUAL>,NodePropertyFilter<amebaId,?,EQUAL>,NodePropertyFilter<amebaId,?,EQUAL>,NodePropertyFilter<amebaId,?,EQUAL>,NodePropertyFilter<amebaId,?,EQUAL>,NodePropertyFilter<amebaId,?,EQUAL>>,SIMPLE<?,?,OUTGOING>>	8542
select	FILTER<OrFilter<NodePropertyFilter<amebaId,?,EQUAL>,NodePropertyFilter<amebaId,?,EQUAL>,NodePropertyFilter<amebaId,?,EQUAL>,NodePropertyFilter<amebaId,?,EQUAL>,NodePropertyFilter<amebaId,?,EQUAL>,NodePropertyFilter<amebaId,?,EQUAL>,NodePropertyFilter<amebaId,?,EQUAL>,NodePropertyFilter<amebaId,?,EQUAL>,NodePropertyFilter<amebaId,?,EQUAL>,NodePropertyFilter<amebaId,?,EQUAL>,NodePropertyFilter<amebaId,?,EQUAL>,NodePropertyFilter<amebaId,?,EQUAL>,NodePropertyFilter<amebaId,?,EQUAL>,NodePropertyFilter<amebaId,?,EQUAL>,NodePropertyFilter<amebaId,?,EQUAL>,NodePropertyFilter<amebaId,?,EQUAL>,NodePropertyFilter<amebaId,?,EQUAL>,NodePropertyFilter<amebaId,?,EQUAL>,NodePropertyFilter<amebaId,?,EQUAL>,NodePropertyFilter<amebaId,?,EQUAL>,NodePropertyFilter<amebaId,?,EQUAL>,NodePropertyFilter<amebaId,?,EQUAL>,NodePropertyFilter<amebaId,?,EQUAL>,NodePropertyFilter<amebaId,?,EQUAL>,NodePropertyFilter<amebaId,?,EQUAL>,NodePropertyFilter<amebaId,?,EQUAL>,NodePropertyFilter<amebaId,?,EQUAL>,NodePropertyFilter<amebaId,?,EQUAL>,NodePropertyFilter<amebaId,?,EQUAL>,NodePropertyFilter<amebaId,?,EQUAL>,NodePropertyFilter<amebaId,?,EQUAL>,NodePropertyFilter<amebaId,?,EQUAL>,NodePropertyFilter<amebaId,?,EQUAL>,NodePropertyFilter<amebaId,?,EQUAL>,NodePropertyFilter<amebaId,?,EQUAL>,NodePropertyFilter<amebaId,?,EQUAL>,NodePropertyFilter<amebaId,?,EQUAL>,NodePropertyFilter<amebaId,?,EQUAL>,NodePropertyFilter<amebaId,?,EQUAL>,NodePropertyFilter<amebaId,?,EQUAL>,NodePropertyFilter<amebaId,?,EQUAL>,NodePropertyFilter<amebaId,?,EQUAL>,NodePropertyFilter<amebaId,?,EQUAL>,NodePropertyFilter<amebaId,?,EQUAL>,NodePropertyFilter<amebaId,?,EQUAL>,NodePropertyFilter<amebaId,?,EQUAL>,NodePropertyFilter<amebaId,?,EQUAL>,NodePropertyFilter<amebaId,?,EQUAL>>,SIMPLE<?,?,OUTGOING>>	14344
select	FILTER<OrFilter<NodePropertyFilter<amebaId,?,EQUAL>,NodePropertyFilter<amebaId,?,EQUAL>,NodePropertyFilter<amebaId,?,EQUAL>,NodePropertyFilter<amebaId,?,EQUAL>,NodePropertyFilter<amebaId,?,EQUAL>,NodePropertyFilter<amebaId,?,EQUAL>,NodePropertyFilter<amebaId,?,EQUAL>,NodePropertyFilter<amebaId,?,EQUAL>,NodePropertyFilter<amebaId,?,EQUAL>,NodePropertyFilter<amebaId,?,EQUAL>,NodePropertyFilter<amebaId,?,EQUAL>,NodePropertyFilter<amebaId,?,EQUAL>,NodePropertyFilter<amebaId,?,EQUAL>,NodePropertyFilter<amebaId,?,EQUAL>,NodePropertyFilter<amebaId,?,EQUAL>,NodePropertyFilter<amebaId,?,EQUAL>,NodePropertyFilter<amebaId,?,EQUAL>,NodePropertyFilter<amebaId,?,EQUAL>,NodePropertyFilter<amebaId,?,EQUAL>,NodePropertyFilter<amebaId,?,EQUAL>,NodePropertyFilter<amebaId,?,EQUAL>,NodePropertyFilter<amebaId,?,EQUAL>,NodePropertyFilter<amebaId,?,EQUAL>,NodePropertyFilter<amebaId,?,EQUAL>,NodePropertyFilter<amebaId,?,EQUAL>,NodePropertyFilter<amebaId,?,EQUAL>,NodePropertyFilter<amebaId,?,EQUAL>,NodePropertyFilter<amebaId,?,EQUAL>,NodePropertyFilter<amebaId,?,EQUAL>,NodePropertyFilter<amebaId,?,EQUAL>,NodePropertyFilter<amebaId,?,EQUAL>,NodePropertyFilter<amebaId,?,EQUAL>,NodePropertyFilter<amebaId,?,EQUAL>,NodePropertyFilter<amebaId,?,EQUAL>,NodePropertyFilter<amebaId,?,EQUAL>,NodePropertyFilter<amebaId,?,EQUAL>,NodePropertyFilter<amebaId,?,EQUAL>,NodePropertyFilter<amebaId,?,EQUAL>,NodePropertyFilter<amebaId,?,EQUAL>,NodePropertyFilter<amebaId,?,EQUAL>,NodePropertyFilter<amebaId,?,EQUAL>,NodePropertyFilter<amebaId,?,EQUAL>,NodePropertyFilter<amebaId,?,EQUAL>,NodePropertyFilter<amebaId,?,EQUAL>,NodePropertyFilter<amebaId,?,EQUAL>,NodePropertyFilter<amebaId,?,EQUAL>,NodePropertyFilter<amebaId,?,EQUAL>,NodePropertyFilter<amebaId,?,EQUAL>,NodePropertyFilter<amebaId,?,EQUAL>,NodePropertyFilter<amebaId,?,EQUAL>,NodePropertyFilter<amebaId,?,EQUAL>,NodePropertyFilter<amebaId,?,EQUAL>,NodePropertyFilter<amebaId,?,EQUAL>,NodePropertyFilter<amebaId,?,EQUAL>,NodePropertyFilter<amebaId,?,EQUAL>,NodePropertyFilter<amebaId,?,EQUAL>,NodePropertyFilter<amebaId,?,EQUAL>,NodePropertyFilter<amebaId,?,EQUAL>,NodePropertyFilter<amebaId,?,EQUAL>,NodePropertyFilter<amebaId,?,EQUAL>,NodePropertyFilter<amebaId,?,EQUAL>>,SIMPLE<?,?,OUTGOING>>	2510
select	FILTER<OrFilter<NodePropertyFilter<amebaId,?,EQUAL>,NodePropertyFilter<amebaId,?,EQUAL>,NodePropertyFilter<amebaId,?,EQUAL>,NodePropertyFilter<amebaId,?,EQUAL>,NodePropertyFilter<amebaId,?,EQUAL>,NodePropertyFilter<amebaId,?,EQUAL>,NodePropertyFilter<amebaId,?,EQUAL>,NodePropertyFilter<amebaId,?,EQUAL>,NodePropertyFilter<amebaId,?,EQUAL>,NodePropertyFilter<amebaId,?,EQUAL>,NodePropertyFilter<amebaId,?,EQUAL>,NodePropertyFilter<amebaId,?,EQUAL>,NodePropertyFilter<amebaId,?,EQUAL>,NodePropertyFilter<amebaId,?,EQUAL>,NodePropertyFilter<amebaId,?,EQUAL>,NodePropertyFilter<amebaId,?,EQUAL>,NodePropertyFilter<amebaId,?,EQUAL>,NodePropertyFilter<amebaId,?,EQUAL>,NodePropertyFilter<amebaId,?,EQUAL>,NodePropertyFilter<amebaId,?,EQUAL>,NodePropertyFilter<amebaId,?,EQUAL>,NodePropertyFilter<amebaId,?,EQUAL>,NodePropertyFilter<amebaId,?,EQUAL>,NodePropertyFilter<amebaId,?,EQUAL>,NodePropertyFilter<amebaId,?,EQUAL>,NodePropertyFilter<amebaId,?,EQUAL>,NodePropertyFilter<amebaId,?,EQUAL>,NodePropertyFilter<amebaId,?,EQUAL>,NodePropertyFilter<amebaId,?,EQUAL>,NodePropertyFilter<amebaId,?,EQUAL>,NodePropertyFilter<amebaId,?,EQUAL>,NodePropertyFilter<amebaId,?,EQUAL>,NodePropertyFilter<amebaId,?,EQUAL>,NodePropertyFilter<amebaId,?,EQUAL>,NodePropertyFilter<amebaId,?,EQUAL>,NodePropertyFilter<amebaId,?,EQUAL>,NodePropertyFilter<amebaId,?,EQUAL>,NodePropertyFilter<amebaId,?,EQUAL>,NodePropertyFilter<amebaId,?,EQUAL>,NodePropertyFilter<amebaId,?,EQUAL>,NodePropertyFilter<amebaId,?,EQUAL>,NodePropertyFilter<amebaId,?,EQUAL>,NodePropertyFilter<amebaId,?,EQUAL>,NodePropertyFilter<amebaId,?,EQUAL>,NodePropertyFilter<amebaId,?,EQUAL>,NodePropertyFilter<amebaId,?,EQUAL>,NodePropertyFilter<amebaId,?,EQUAL>,NodePropertyFilter<amebaId,?,EQUAL>,NodePropertyFilter<amebaId,?,EQUAL>,NodePropertyFilter<amebaId,?,EQUAL>,NodePropertyFilter<amebaId,?,EQUAL>,NodePropertyFilter<amebaId,?,EQUAL>,NodePropertyFilter<amebaId,?,EQUAL>,NodePropertyFilter<amebaId,?,EQUAL>,NodePropertyFilter<amebaId,?,EQUAL>,NodePropertyFilter<amebaId,?,EQUAL>,NodePropertyFilter<amebaId,?,EQUAL>,NodePropertyFilter<amebaId,?,EQUAL>,NodePropertyFilter<amebaId,?,EQUAL>,NodePropertyFilter<amebaId,?,EQUAL>,NodePropertyFilter<amebaId,?,EQUAL>,NodePropertyFilter<amebaId,?,EQUAL>,NodePropertyFilter<amebaId,?,EQUAL>>,SIMPLE<?,?,OUTGOING>>	959
select	FILTER<OrFilter<NodePropertyFilter<amebaId,?,EQUAL>,NodePropertyFilter<amebaId,?,EQUAL>,NodePropertyFilter<amebaId,?,EQUAL>,NodePropertyFilter<amebaId,?,EQUAL>,NodePropertyFilter<amebaId,?,EQUAL>,NodePropertyFilter<amebaId,?,EQUAL>,NodePropertyFilter<amebaId,?,EQUAL>,NodePropertyFilter<amebaId,?,EQUAL>,NodePropertyFilter<amebaId,?,EQUAL>,NodePropertyFilter<amebaId,?,EQUAL>,NodePropertyFilter<amebaId,?,EQUAL>,NodePropertyFilter<amebaId,?,EQUAL>,NodePropertyFilter<amebaId,?,EQUAL>,NodePropertyFilter<amebaId,?,EQUAL>,NodePropertyFilter<amebaId,?,EQUAL>,NodePropertyFilter<amebaId,?,EQUAL>,NodePropertyFilter<amebaId,?,EQUAL>,NodePropertyFilter<amebaId,?,EQUAL>,NodePropertyFilter<amebaId,?,EQUAL>,NodePropertyFilter<amebaId,?,EQUAL>,NodePropertyFilter<amebaId,?,EQUAL>,NodePropertyFilter<amebaId,?,EQUAL>,NodePropertyFilter<amebaId,?,EQUAL>,NodePropertyFilter<amebaId,?,EQUAL>,NodePropertyFilter<amebaId,?,EQUAL>,NodePropertyFilter<amebaId,?,EQUAL>,NodePropertyFilter<amebaId,?,EQUAL>,NodePropertyFilter<amebaId,?,EQUAL>,NodePropertyFilter<amebaId,?,EQUAL>,NodePropertyFilter<amebaId,?,EQUAL>,NodePropertyFilter<amebaId,?,EQUAL>,NodePropertyFilter<amebaId,?,EQUAL>,NodePropertyFilter<amebaId,?,EQUAL>,NodePropertyFilter<amebaId,?,EQUAL>,NodePropertyFilter<amebaId,?,EQUAL>>,SIMPLE<?,?,OUTGOING>>	7151
select	FILTER<OrFilter<NodePropertyFilter<amebaId,?,EQUAL>,NodePropertyFilter<amebaId,?,EQUAL>,NodePropertyFilter<amebaId,?,EQUAL>,NodePropertyFilter<amebaId,?,EQUAL>,NodePropertyFilter<amebaId,?,EQUAL>,NodePropertyFilter<amebaId,?,EQUAL>,NodePropertyFilter<amebaId,?,EQUAL>,NodePropertyFilter<amebaId,?,EQUAL>,NodePropertyFilter<amebaId,?,EQUAL>,NodePropertyFilter<amebaId,?,EQUAL>,NodePropertyFilter<amebaId,?,EQUAL>>,SIMPLE<?,?,OUTGOING>>	20298
select	FILTER<OrFilter<NodePropertyFilter<amebaId,?,EQUAL>,NodePropertyFilter<amebaId,?,EQUAL>,NodePropertyFilter<amebaId,?,EQUAL>,NodePropertyFilter<amebaId,?,EQUAL>,NodePropertyFilter<amebaId,?,EQUAL>,NodePropertyFilter<amebaId,?,EQUAL>,NodePropertyFilter<amebaId,?,EQUAL>,NodePropertyFilter<amebaId,?,EQUAL>,NodePropertyFilter<amebaId,?,EQUAL>,NodePropertyFilter<amebaId,?,EQUAL>,NodePropertyFilter<amebaId,?,EQUAL>,NodePropertyFilter<amebaId,?,EQUAL>,NodePropertyFilter<amebaId,?,EQUAL>,NodePropertyFilter<amebaId,?,EQUAL>,NodePropertyFilter<amebaId,?,EQUAL>,NodePropertyFilter<amebaId,?,EQUAL>,NodePropertyFilter<amebaId,?,EQUAL>,NodePropertyFilter<amebaId,?,EQUAL>,NodePropertyFilter<amebaId,?,EQUAL>,NodePropertyFilter<amebaId,?,EQUAL>,NodePropertyFilter<amebaId,?,EQUAL>,NodePropertyFilter<amebaId,?,EQUAL>,NodePropertyFilter<amebaId,?,EQUAL>,NodePropertyFilter<amebaId,?,EQUAL>,NodePropertyFilter<amebaId,?,EQUAL>,NodePropertyFilter<amebaId,?,EQUAL>,NodePropertyFilter<amebaId,?,EQUAL>,NodePropertyFilter<amebaId,?,EQUAL>,NodePropertyFilter<amebaId,?,EQUAL>,NodePropertyFilter<amebaId,?,EQUAL>,NodePropertyFilter<amebaId,?,EQUAL>,NodePropertyFilter<amebaId,?,EQUAL>,NodePropertyFilter<amebaId,?,EQUAL>,NodePropertyFilter<amebaId,?,EQUAL>,NodePropertyFilter<amebaId,?,EQUAL>,NodePropertyFilter<amebaId,?,EQUAL>,NodePropertyFilter<amebaId,?,EQUAL>,NodePropertyFilter<amebaId,?,EQUAL>,NodePropertyFilter<amebaId,?,EQUAL>,NodePropertyFilter<amebaId,?,EQUAL>,NodePropertyFilter<amebaId,?,EQUAL>,NodePropertyFilter<amebaId,?,EQUAL>,NodePropertyFilter<amebaId,?,EQUAL>,NodePropertyFilter<amebaId,?,EQUAL>,NodePropertyFilter<amebaId,?,EQUAL>,NodePropertyFilter<amebaId,?,EQUAL>,NodePropertyFilter<amebaId,?,EQUAL>,NodePropertyFilter<amebaId,?,EQUAL>,NodePropertyFilter<amebaId,?,EQUAL>,NodePropertyFilter<amebaId,?,EQUAL>,NodePropertyFilter<amebaId,?,EQUAL>,NodePropertyFilter<amebaId,?,EQUAL>,NodePropertyFilter<amebaId,?,EQUAL>,NodePropertyFilter<amebaId,?,EQUAL>,NodePropertyFilter<amebaId,?,EQUAL>,NodePropertyFilter<amebaId,?,EQUAL>,NodePropertyFilter<amebaId,?,EQUAL>,NodePropertyFilter<amebaId,?,EQUAL>,NodePropertyFilter<amebaId,?,EQUAL>>,SIMPLE<?,?,OUTGOING>>	5766
select	FILTER<OrFilter<NodePropertyFilter<amebaId,?,EQUAL>,NodePropertyFilter<amebaId,?,EQUAL>,NodePropertyFilter<amebaId,?,EQUAL>,NodePropertyFilter<amebaId,?,EQUAL>,NodePropertyFilter<amebaId,?,EQUAL>,NodePropertyFilter<amebaId,?,EQUAL>,NodePropertyFilter<amebaId,?,EQUAL>,NodePropertyFilter<amebaId,?,EQUAL>,NodePropertyFilter<amebaId,?,EQUAL>,NodePropertyFilter<amebaId,?,EQUAL>,NodePropertyFilter<amebaId,?,EQUAL>,NodePropertyFilter<amebaId,?,EQUAL>,NodePropertyFilter<amebaId,?,EQUAL>,NodePropertyFilter<amebaId,?,EQUAL>,NodePropertyFilter<amebaId,?,EQUAL>,NodePropertyFilter<amebaId,?,EQUAL>,NodePropertyFilter<amebaId,?,EQUAL>,NodePropertyFilter<amebaId,?,EQUAL>,NodePropertyFilter<amebaId,?,EQUAL>,NodePropertyFilter<amebaId,?,EQUAL>,NodePropertyFilter<amebaId,?,EQUAL>,NodePropertyFilter<amebaId,?,EQUAL>,NodePropertyFilter<amebaId,?,EQUAL>,NodePropertyFilter<amebaId,?,EQUAL>,NodePropertyFilter<amebaId,?,EQUAL>,NodePropertyFilter<amebaId,?,EQUAL>,NodePropertyFilter<amebaId,?,EQUAL>,NodePropertyFilter<amebaId,?,EQUAL>,NodePropertyFilter<amebaId,?,EQUAL>,NodePropertyFilter<amebaId,?,EQUAL>,NodePropertyFilter<amebaId,?,EQUAL>,NodePropertyFilter<amebaId,?,EQUAL>,NodePropertyFilter<amebaId,?,EQUAL>,NodePropertyFilter<amebaId,?,EQUAL>,NodePropertyFilter<amebaId,?,EQUAL>,NodePropertyFilter<amebaId,?,EQUAL>,NodePropertyFilter<amebaId,?,EQUAL>,NodePropertyFilter<amebaId,?,EQUAL>,NodePropertyFilter<amebaId,?,EQUAL>,NodePropertyFilter<amebaId,?,EQUAL>,NodePropertyFilter<amebaId,?,EQUAL>,NodePropertyFilter<amebaId,?,EQUAL>,NodePropertyFilter<amebaId,?,EQUAL>,NodePropertyFilter<amebaId,?,EQUAL>,NodePropertyFilter<amebaId,?,EQUAL>,NodePropertyFilter<amebaId,?,EQUAL>,NodePropertyFilter<amebaId,?,EQUAL>,NodePropertyFilter<amebaId,?,EQUAL>,NodePropertyFilter<amebaId,?,EQUAL>,NodePropertyFilter<amebaId,?,EQUAL>,NodePropertyFilter<amebaId,?,EQUAL>,NodePropertyFilter<amebaId,?,EQUAL>,NodePropertyFilter<amebaId,?,EQUAL>,NodePropertyFilter<amebaId,?,EQUAL>,NodePropertyFilter<amebaId,?,EQUAL>,NodePropertyFilter<amebaId,?,EQUAL>,NodePropertyFilter<amebaId,?,EQUAL>,NodePropertyFilter<amebaId,?,EQUAL>,NodePropertyFilter<amebaId,?,EQUAL>,NodePropertyFilter<amebaId,?,EQUAL>>,SIMPLE<?,?,OUTGOING>>	4602
